,Country,Year,SP.POP.TOTL
11601,NER,1971,4637988
11602,NER,1972,4768227
11603,NER,1973,4902151
11604,NER,1974,5040798
11605,NER,1975,5184941
11606,NER,1976,5335085
11607,NER,1977,5491153
11608,NER,1978,5652652
11609,NER,1979,5818763
11610,NER,1980,5989004
11611,NER,1981,6163705
11612,NER,1982,6343523
11613,NER,1983,6528641
11614,NER,1984,6719309
11615,NER,1985,6915997
11616,NER,1986,7118883
11617,NER,1987,7328943
11618,NER,1988,7548433
11619,NER,1989,7780245
11620,NER,1990,8026591
11621,NER,1991,8288735
11622,NER,1992,8566770
11623,NER,1993,8860287
11624,NER,1994,9168312
11625,NER,1995,9490288
11626,NER,1996,9826598
11627,NER,1997,10178201
11628,NER,1998,10545716
11629,NER,1999,10929918
11630,NER,2000,11331557
11631,NER,2001,11751365
11632,NER,2002,12189983
11633,NER,2003,12647984
11634,NER,2004,13125916
11635,NER,2005,13624467
11636,NER,2006,14143971
11637,NER,2007,14685399
11638,NER,2008,15250908
11639,NER,2009,15843133
11640,NER,2010,16464025
11641,NER,2011,17114761
11642,NER,2012,17795191
11643,NER,2013,18504255
11644,NER,2014,19240157
11645,NER,2015,20001663
11646,NER,2016,20788838
11647,NER,2017,21602472
11648,NER,2018,22442948
11649,NER,2019,23310715
11651,NGA,1960,45138458
11652,NGA,1961,46063563
11653,NGA,1962,47029822
11654,NGA,1963,48032934
11655,NGA,1964,49066760
11656,NGA,1965,50127921
11657,NGA,1966,51217973
11658,NGA,1967,52342233
11659,NGA,1968,53506196
11660,NGA,1969,54717039
11661,NGA,1970,55982144
11662,NGA,1971,57296983
11663,NGA,1972,58665808
11664,NGA,1973,60114625
11665,NGA,1974,61677177
11666,NGA,1975,63374298
11667,NGA,1976,65221378
11668,NGA,1977,67203128
11669,NGA,1978,69271917
11670,NGA,1979,71361131
11671,NGA,1980,73423633
11672,NGA,1981,75440502
11673,NGA,1982,77427546
11674,NGA,1983,79414840
11675,NGA,1984,81448755
11676,NGA,1985,83562785
11677,NGA,1986,85766399
11678,NGA,1987,88048032
11679,NGA,1988,90395271
11680,NGA,1989,92788027
11681,NGA,1990,95212450
11682,NGA,1991,97667632
11683,NGA,1992,100161710
11684,NGA,1993,102700753
11685,NGA,1994,105293700
11686,NGA,1995,107948335
11687,NGA,1996,110668794
11688,NGA,1997,113457663
11689,NGA,1998,116319759
11690,NGA,1999,119260063
11691,NGA,2000,122283850
11692,NGA,2001,125394046
11693,NGA,2002,128596076
11694,NGA,2003,131900631
11695,NGA,2004,135320422
11696,NGA,2005,138865016
11697,NGA,2006,142538308
11698,NGA,2007,146339977
11699,NGA,2008,150269623
11700,NGA,2009,154324933
11701,NGA,2010,158503197
11702,NGA,2011,162805071
11703,NGA,2012,167228767
11704,NGA,2013,171765769
11705,NGA,2014,176404902
11706,NGA,2015,181137448
11707,NGA,2016,185960289
11708,NGA,2017,190873311
11709,NGA,2018,195874740
11710,NGA,2019,200963599
11712,MKD,1960,1488667
11713,MKD,1961,1507654
11714,MKD,1962,1527111
11715,MKD,1963,1547450
11716,MKD,1964,1569142
11717,MKD,1965,1592433
11718,MKD,1966,1617795
11719,MKD,1967,1644943
11720,MKD,1968,1672399
11721,MKD,1969,1698144
11722,MKD,1970,1720800
11723,MKD,1971,1739521
11724,MKD,1972,1754956
11725,MKD,1973,1768991
11726,MKD,1974,1784398
11727,MKD,1975,1803010
11728,MKD,1976,1825552
11729,MKD,1977,1851069
11730,MKD,1978,1877688
11731,MKD,1979,1902719
11732,MKD,1980,1924197
11733,MKD,1981,1941530
11734,MKD,1982,1955243
11735,MKD,1983,1965895
11736,MKD,1984,1974415
11737,MKD,1985,1981534
11738,MKD,1986,1987538
11739,MKD,1987,1992274
11740,MKD,1988,1995513
11741,MKD,1989,1996870
11742,MKD,1990,1996228
11743,MKD,1991,1993302
11744,MKD,1992,1988659
11745,MKD,1993,1984028
11746,MKD,1994,1981703
11747,MKD,1995,1983252
11748,MKD,1996,1989443
11749,MKD,1997,1999598
11750,MKD,1998,2012057
11751,MKD,1999,2024394
11752,MKD,2000,2034819
11753,MKD,2001,2042842
11754,MKD,2002,2048928
11755,MKD,2003,2053426
11756,MKD,2004,2057048
11757,MKD,2005,2060273
11758,MKD,2006,2063131
11759,MKD,2007,2065426
11760,MKD,2008,2067313
11761,MKD,2009,2069039
11762,MKD,2010,2070741
11763,MKD,2011,2072487
11764,MKD,2012,2074278
11765,MKD,2013,2076067
11766,MKD,2014,2077775
11767,MKD,2015,2079328
11768,MKD,2016,2080745
11769,MKD,2017,2081996
11770,MKD,2018,2082958
11771,MKD,2019,2083459
11773,MNP,1960,9979
11774,MNP,1961,10245
11775,MNP,1962,10436
11776,MNP,1963,10590
11777,MNP,1964,10783
11778,MNP,1965,11022
11779,MNP,1966,11344
11780,MNP,1967,11721
11781,MNP,1968,12140
11782,MNP,1969,12574
11783,MNP,1970,12994
11784,MNP,1971,13429
11785,MNP,1972,13882
11786,MNP,1973,14325
11787,MNP,1974,14677
11788,MNP,1975,14924
11789,MNP,1976,15026
11790,MNP,1977,15048
11791,MNP,1978,15170
11792,MNP,1979,15638
11793,MNP,1980,16633
11794,MNP,1981,18158
11795,MNP,1982,20167
11796,MNP,1983,22622
11797,MNP,1984,25500
11798,MNP,1985,28720
11799,MNP,1986,32370
11800,MNP,1987,36377
11801,MNP,1988,40288
11802,MNP,1989,43540
11803,MNP,1990,45752
11804,MNP,1991,46666
11805,MNP,1992,46476
11806,MNP,1993,45758
11807,MNP,1994,45364
11808,MNP,1995,45870
11809,MNP,1996,47521
11810,MNP,1997,50056
11811,MNP,1998,52997
11812,MNP,1999,55636
11813,MNP,2000,57453
11814,MNP,2001,58321
11815,MNP,2002,58420
11816,MNP,2003,57947
11817,MNP,2004,57246
11818,MNP,2005,56542
11819,MNP,2006,55882
11820,MNP,2007,55219
11821,MNP,2008,54625
11822,MNP,2009,54193
11823,MNP,2010,53971
11824,MNP,2011,54012
11825,MNP,2012,54311
11826,MNP,2013,54784
11827,MNP,2014,55305
11828,MNP,2015,55780
11829,MNP,2016,56188
11830,MNP,2017,56562
11831,MNP,2018,56882
11832,MNP,2019,57216
11834,NOR,1960,3581239
11835,NOR,1961,3609800
11836,NOR,1962,3638918
11837,NOR,1963,3666537
11838,NOR,1964,3694339
11839,NOR,1965,3723168
11840,NOR,1966,3753012
11841,NOR,1967,3784539
11842,NOR,1968,3816486
11843,NOR,1969,3847707
11844,NOR,1970,3875763
11845,NOR,1971,3903039
11846,NOR,1972,3933004
11847,NOR,1973,3960612
11848,NOR,1974,3985258
11849,NOR,1975,4007313
11850,NOR,1976,4026152
11851,NOR,1977,4043205
11852,NOR,1978,4058671
11853,NOR,1979,4072517
11854,NOR,1980,4085620
11855,NOR,1981,4099702
11856,NOR,1982,4114787
11857,NOR,1983,4128432
11858,NOR,1984,4140099
11859,NOR,1985,4152516
11860,NOR,1986,4167354
11861,NOR,1987,4186905
11862,NOR,1988,4209488
11863,NOR,1989,4226901
11864,NOR,1990,4241473
11865,NOR,1991,4261732
11866,NOR,1992,4286401
11867,NOR,1993,4311991
11868,NOR,1994,4336613
11869,NOR,1995,4359184
11870,NOR,1996,4381336
11871,NOR,1997,4405157
11872,NOR,1998,4431464
11873,NOR,1999,4461913
11874,NOR,2000,4490967
11875,NOR,2001,4513751
11876,NOR,2002,4538159
11877,NOR,2003,4564855
11878,NOR,2004,4591910
11879,NOR,2005,4623291
11880,NOR,2006,4660677
11881,NOR,2007,4709153
11882,NOR,2008,4768212
11883,NOR,2009,4828726
11884,NOR,2010,4889252
11885,NOR,2011,4953088
11886,NOR,2012,5018573
11887,NOR,2013,5079623
11888,NOR,2014,5137232
11889,NOR,2015,5188607
11890,NOR,2016,5234519
11891,NOR,2017,5276968
11892,NOR,2018,5311916
11893,NOR,2019,5347896
11895,OMN,1960,551740
11896,OMN,1961,564893
11897,OMN,1962,578823
11898,OMN,1963,593504
11899,OMN,1964,608889
11900,OMN,1965,625009
11901,OMN,1966,642001
11902,OMN,1967,660114
11903,OMN,1968,679595
11904,OMN,1969,700729
11905,OMN,1970,723851
11906,OMN,1971,748968
11907,OMN,1972,776380
11908,OMN,1973,806986
11909,OMN,1974,841950
11910,OMN,1975,882047
11911,OMN,1976,927436
11912,OMN,1977,977804
11913,OMN,1978,1032799
11914,OMN,1979,1091852
11915,OMN,1980,1154377
11916,OMN,1981,1220585
11917,OMN,1982,1290111
11918,OMN,1983,1361087
11919,OMN,1984,1431070
11920,OMN,1985,1498418
11921,OMN,1986,1561185
11922,OMN,1987,1619863
11923,OMN,1988,1678110
11924,OMN,1989,1741156
11925,OMN,1990,1812161
11926,OMN,1991,1893768
11927,OMN,1992,1983275
11928,OMN,1993,2072104
11929,OMN,1994,2148419
11930,OMN,1995,2204277
11931,OMN,1996,2236654
11932,OMN,1997,2249762
11933,OMN,1998,2251864
11934,OMN,1999,2254904
11935,OMN,2000,2267973
11936,OMN,2001,2294962
11937,OMN,2002,2334858
11938,OMN,2003,2386166
11939,OMN,2004,2445517
11940,OMN,2005,2511251
11941,OMN,2006,2580758
11942,OMN,2007,2657158
11943,OMN,2008,2750963
11944,OMN,2009,2876186
11945,OMN,2010,3041434
11946,OMN,2011,3251108
11947,OMN,2012,3498029
11948,OMN,2013,3764805
11949,OMN,2014,4027260
11950,OMN,2015,4267348
11951,OMN,2016,4479219
11952,OMN,2017,4665935
11953,OMN,2018,4829483
11954,OMN,2019,4974986
11956,PAK,1960,44988690
11957,PAK,1961,46065231
11958,PAK,1962,47198878
11959,PAK,1963,48387301
11960,PAK,1964,49627623
11961,PAK,1965,50917975
11962,PAK,1966,52260189
11963,PAK,1967,53655789
11964,PAK,1968,55102684
11965,PAK,1969,56598144
11966,PAK,1970,58142060
11967,PAK,1971,59734481
11968,PAK,1972,61381987
11969,PAK,1973,63099406
11970,PAK,1974,64905998
11971,PAK,1975,66816877
11972,PAK,1976,68834326
11973,PAK,1977,70958169
11974,PAK,1978,73197258
11975,PAK,1979,75561131
11976,PAK,1980,78054343
11977,PAK,1981,80680459
11978,PAK,1982,83431605
11979,PAK,1983,86285935
11980,PAK,1984,89213706
11981,PAK,1985,92191510
11982,PAK,1986,95215378
11983,PAK,1987,98285755
11984,PAK,1988,101389603
11985,PAK,1989,104512881
11986,PAK,1990,107647921
11987,PAK,1991,110778648
11988,PAK,1992,113911126
11989,PAK,1993,117086685
11990,PAK,1994,120362762
11991,PAK,1995,123776839
11992,PAK,1996,127349290
11993,PAK,1997,131057431
11994,PAK,1998,134843233
11995,PAK,1999,138624621
11996,PAK,2000,142343578
11997,PAK,2001,145978402
11998,PAK,2002,149549700
11999,PAK,2003,153093373
12000,PAK,2004,156664697
12001,PAK,2005,160304008
12002,PAK,2006,164022627
12003,PAK,2007,167808105
12004,PAK,2008,171648986
12005,PAK,2009,175525609
12006,PAK,2010,179424641
12007,PAK,2011,183340592
12008,PAK,2012,187281475
12009,PAK,2013,191262919
12010,PAK,2014,195306825
12011,PAK,2015,199426964
12012,PAK,2016,203627284
12013,PAK,2017,207896686
12014,PAK,2018,212215030
12015,PAK,2019,216565318
12017,PLW,1960,9771
12018,PLW,1961,10049
12019,PLW,1962,10317
12020,PLW,1963,10569
12021,PLW,1964,10799
12022,PLW,1965,11003
12023,PLW,1966,11179
12024,PLW,1967,11326
12025,PLW,1968,11464
12026,PLW,1969,11618
12027,PLW,1970,11811
12028,PLW,1971,12053
12029,PLW,1972,12340
12030,PLW,1973,12628
12031,PLW,1974,12831
12032,PLW,1975,12904
12033,PLW,1976,12837
12034,PLW,1977,12646
12035,PLW,1978,12403
12036,PLW,1979,12229
12037,PLW,1980,12179
12038,PLW,1981,12279
12039,PLW,1982,12516
12040,PLW,1983,12843
12041,PLW,1984,13195
12042,PLW,1985,13528
12043,PLW,1986,13831
12044,PLW,1987,14123
12045,PLW,1988,14402
12046,PLW,1989,14709
12047,PLW,1990,15058
12048,PLW,1991,15441
12049,PLW,1992,15856
12050,PLW,1993,16290
12051,PLW,1994,16717
12052,PLW,1995,17164
12053,PLW,1996,17593
12054,PLW,1997,18014
12055,PLW,1998,18410
12056,PLW,1999,18776
12057,PLW,2000,19105
12058,PLW,2001,19386
12059,PLW,2002,19637
12060,PLW,2003,19809
12061,PLW,2004,19867
12062,PLW,2005,19781
12063,PLW,2006,19540
12064,PLW,2007,19158
12065,PLW,2008,18704
12066,PLW,2009,18285
12067,PLW,2010,17955
12068,PLW,2011,17745
12069,PLW,2012,17640
12070,PLW,2013,17606
12071,PLW,2014,17626
12072,PLW,2015,17665
12073,PLW,2016,17725
12074,PLW,2017,17808
12075,PLW,2018,17907
12076,PLW,2019,18008
12078,PAN,1960,1132997
12079,PAN,1961,1167113
12080,PAN,1962,1202449
12081,PAN,1963,1238889
12082,PAN,1964,1276331
12083,PAN,1965,1314677
12084,PAN,1966,1353842
12085,PAN,1967,1393825
12086,PAN,1968,1434669
12087,PAN,1969,1476481
12088,PAN,1970,1519285
12089,PAN,1971,1563093
12090,PAN,1972,1607796
12091,PAN,1973,1653212
12092,PAN,1974,1699054
12093,PAN,1975,1745138
12094,PAN,1976,1791380
12095,PAN,1977,1837800
12096,PAN,1978,1884424
12097,PAN,1979,1931304
12098,PAN,1980,1978487
12099,PAN,1981,2025971
12100,PAN,1982,2073757
12101,PAN,1983,2121860
12102,PAN,1984,2170325
12103,PAN,1985,2219201
12104,PAN,1986,2268500
12105,PAN,1987,2318264
12106,PAN,1988,2368551
12107,PAN,1989,2419426
12108,PAN,1990,2470947
12109,PAN,1991,2523118
12110,PAN,1992,2575954
12111,PAN,1993,2629580
12112,PAN,1994,2684116
12113,PAN,1995,2739668
12114,PAN,1996,2796291
12115,PAN,1997,2853913
12116,PAN,1998,2912316
12117,PAN,1999,2971196
12118,PAN,2000,3030328
12119,PAN,2001,3089648
12120,PAN,2002,3149188
12121,PAN,2003,3209048
12122,PAN,2004,3269356
12123,PAN,2005,3330217
12124,PAN,2006,3391666
12125,PAN,2007,3453675
12126,PAN,2008,3516204
12127,PAN,2009,3579215
12128,PAN,2010,3642687
12129,PAN,2011,3706483
12130,PAN,2012,3770624
12131,PAN,2013,3835437
12132,PAN,2014,3901315
12133,PAN,2015,3968487
12134,PAN,2016,4037078
12135,PAN,2017,4106771
12136,PAN,2018,4176873
12137,PAN,2019,4246439
12139,PNG,1960,2255859
12140,PNG,1961,2297059
12141,PNG,1962,2340352
12142,PNG,1963,2385946
12143,PNG,1964,2434223
12144,PNG,1965,2485437
12145,PNG,1966,2539674
12146,PNG,1967,2596820
12147,PNG,1968,2656633
12148,PNG,1969,2718811
12149,PNG,1970,2783121
12150,PNG,1971,2849532
12151,PNG,1972,2918139
12152,PNG,1973,2989202
12153,PNG,1974,3063049
12154,PNG,1975,3139945
12155,PNG,1976,3219829
12156,PNG,1977,3302633
12157,PNG,1978,3388618
12158,PNG,1979,3478100
12159,PNG,1980,3571205
12160,PNG,1981,3668104
12161,PNG,1982,3768483
12162,PNG,1983,3871492
12163,PNG,1984,3975956
12164,PNG,1985,4081030
12165,PNG,1986,4186499
12166,PNG,1987,4292563
12167,PNG,1988,4399324
12168,PNG,1989,4506991
12169,PNG,1990,4615839
12170,PNG,1991,4725547
12171,PNG,1992,4836217
12172,PNG,1993,4949051
12173,PNG,1994,5065661
12174,PNG,1995,5187060
12175,PNG,1996,5314248
12176,PNG,1997,5446641
12177,PNG,1998,5581762
12178,PNG,1999,5716161
12179,PNG,2000,5847586
12180,PNG,2001,5974629
12181,PNG,2002,6098621
12182,PNG,2003,6223377
12183,PNG,2004,6354245
12184,PNG,2005,6494903
12185,PNG,2006,6646895
12186,PNG,2007,6808514
12187,PNG,2008,6976201
12188,PNG,2009,7144776
12189,PNG,2010,7310507
12190,PNG,2011,7472200
12191,PNG,2012,7631002
12192,PNG,2013,7788379
12193,PNG,2014,7946731
12194,PNG,2015,8107775
12195,PNG,2016,8271760
12196,PNG,2017,8438029
12197,PNG,2018,8606316
12198,PNG,2019,8776109
12200,PRY,1960,1903982
12201,PRY,1961,1954548
12202,PRY,1962,2006670
12203,PRY,1963,2060339
12204,PRY,1964,2115567
12205,PRY,1965,2172306
12206,PRY,1966,2230741
12207,PRY,1967,2290798
12208,PRY,1968,2351925
12209,PRY,1969,2413396
12210,PRY,1970,2474763
12211,PRY,1971,2535873
12212,PRY,1972,2597154
12213,PRY,1973,2659421
12214,PRY,1974,2723812
12215,PRY,1975,2791241
12216,PRY,1976,2861867
12217,PRY,1977,2935712
12218,PRY,1978,3013282
12219,PRY,1979,3095145
12220,PRY,1980,3181625
12221,PRY,1981,3272912
12222,PRY,1982,3368773
12223,PRY,1983,3468535
12224,PRY,1984,3571272
12225,PRY,1985,3676210
12226,PRY,1986,3783074
12227,PRY,1987,3891734
12228,PRY,1988,4001681
12229,PRY,1989,4112386
12230,PRY,1990,4223415
12231,PRY,1991,4334345
12232,PRY,1992,4445016
12233,PRY,1993,4555521
12234,PRY,1994,4666094
12235,PRY,1995,4776843
12236,PRY,1996,4887632
12237,PRY,1997,4998100
12238,PRY,1998,5107839
12239,PRY,1999,5216349
12240,PRY,2000,5323201
12241,PRY,2001,5428444
12242,PRY,2002,5531962
12243,PRY,2003,5632983
12244,PRY,2004,5730549
12245,PRY,2005,5824096
12246,PRY,2006,5913209
12247,PRY,2007,5998427
12248,PRY,2008,6081296
12249,PRY,2009,6163972
12250,PRY,2010,6248020
12251,PRY,2011,6333976
12252,PRY,2012,6421512
12253,PRY,2013,6510276
12254,PRY,2014,6599526
12255,PRY,2015,6688746
12256,PRY,2016,6777872
12257,PRY,2017,6867062
12258,PRY,2018,6956071
12259,PRY,2019,7044636
12261,PER,1960,10155015
12262,PER,1961,10446620
12263,PER,1962,10749466
12264,PER,1963,11062300
12265,PER,1964,11383373
12266,PER,1965,11711392
12267,PER,1966,12045787
12268,PER,1967,12386879
12269,PER,1968,12735486
12270,PER,1969,13092852
12271,PER,1970,13459794
12272,PER,1971,13836367
12273,PER,1972,14221961
12274,PER,1973,14615845
12275,PER,1974,15017055
12276,PER,1975,15424744
12277,PER,1976,15838572
12278,PER,1977,16258321
12279,PER,1978,16683456
12280,PER,1979,17113388
12281,PER,1980,17547610
12282,PER,1981,17985393
12283,PER,1982,18426415
12284,PER,1983,18870993
12285,PER,1984,19319746
12286,PER,1985,19772872
12287,PER,1986,20230384
12288,PER,1987,20691283
12289,PER,1988,21153459
12290,PER,1989,21614193
12291,PER,1990,22071433
12292,PER,1991,22522378
12293,PER,1992,22966818
12294,PER,1993,23408131
12295,PER,1994,23851408
12296,PER,1995,24299160
12297,PER,1996,24753824
12298,PER,1997,25210954
12299,PER,1998,25658062
12300,PER,1999,26078293
12301,PER,2000,26459944
12302,PER,2001,26799285
12303,PER,2002,27100968
12304,PER,2003,27372226
12305,PER,2004,27624213
12306,PER,2005,27866145
12307,PER,2006,28102056
12308,PER,2007,28333052
12309,PER,2008,28562317
12310,PER,2009,28792655
12311,PER,2010,29027674
12312,PER,2011,29264318
12313,PER,2012,29506788
12314,PER,2013,29773987
12315,PER,2014,30090359
12316,PER,2015,30470734
12317,PER,2016,30926032
12318,PER,2017,31444297
12319,PER,2018,31989256
12320,PER,2019,32510453
12322,PHL,1960,26269734
12323,PHL,1961,27161047
12324,PHL,1962,28077339
12325,PHL,1963,29012625
12326,PHL,1964,29958688
12327,PHL,1965,30909988
12328,PHL,1966,31864182
12329,PHL,1967,32823968
12330,PHL,1968,33795194
12331,PHL,1969,34786305
12332,PHL,1970,35803594
12333,PHL,1971,36849675
12334,PHL,1972,37923396
12335,PHL,1973,39022767
12336,PHL,1974,40144248
12337,PHL,1975,41285742
12338,PHL,1976,42446653
12339,PHL,1977,43629412
12340,PHL,1978,44838483
12341,PHL,1979,46079850
12342,PHL,1980,47357743
12343,PHL,1981,48672838
12344,PHL,1982,50023563
12345,PHL,1983,51408912
12346,PHL,1984,52827040
12347,PHL,1985,54275822
12348,PHL,1986,55755355
12349,PHL,1987,57263836
12350,PHL,1988,58795001
12351,PHL,1989,60340767
12352,PHL,1990,61895160
12353,PHL,1991,63454786
12354,PHL,1992,65020116
12355,PHL,1993,66593904
12356,PHL,1994,68180859
12357,PHL,1995,69784088
12358,PHL,1996,71401749
12359,PHL,1997,73030884
12360,PHL,1998,74672014
12361,PHL,1999,76325927
12362,PHL,2000,77991755
12363,PHL,2001,79672873
12364,PHL,2002,81365258
12365,PHL,2003,83051971
12366,PHL,2004,84710542
12367,PHL,2005,86326250
12368,PHL,2006,87888675
12369,PHL,2007,89405482
12370,PHL,2008,90901965
12371,PHL,2009,92414158
12372,PHL,2010,93966780
12373,PHL,2011,95570047
12374,PHL,2012,97212638
12375,PHL,2013,98871552
12376,PHL,2014,100513138
12377,PHL,2015,102113212
12378,PHL,2016,103663927
12379,PHL,2017,105173264
12380,PHL,2018,106651922
12381,PHL,2019,108116615
12383,POL,1960,29637450
12384,POL,1961,29964000
12385,POL,1962,30308500
12386,POL,1963,30712000
12387,POL,1964,31139450
12388,POL,1965,31444950
12389,POL,1966,31681000
12390,POL,1967,31987155
12391,POL,1968,32294655
12392,POL,1969,32548300
12393,POL,1970,32664300
12394,POL,1971,32783500
12395,POL,1972,33055650
12396,POL,1973,33357200
12397,POL,1974,33678899
12398,POL,1975,34015199
12399,POL,1976,34356300
12400,POL,1977,34689050
12401,POL,1978,34965600
12402,POL,1979,35247217
12403,POL,1980,35574150
12404,POL,1981,35898587
12405,POL,1982,36230481
12406,POL,1983,36571808
12407,POL,1984,36904134
12408,POL,1985,37201885
12409,POL,1986,37456119
12410,POL,1987,37668045
12411,POL,1988,37824487
12412,POL,1989,37961529
12413,POL,1990,38110782
12414,POL,1991,38246193
12415,POL,1992,38363667
12416,POL,1993,38461408
12417,POL,1994,38542652
12418,POL,1995,38594998
12419,POL,1996,38624370
12420,POL,1997,38649660
12421,POL,1998,38663481
12422,POL,1999,38660271
12423,POL,2000,38258629
12424,POL,2001,38248076
12425,POL,2002,38230364
12426,POL,2003,38204570
12427,POL,2004,38182222
12428,POL,2005,38165445
12429,POL,2006,38141267
12430,POL,2007,38120560
12431,POL,2008,38125759
12432,POL,2009,38151603
12433,POL,2010,38042794
12434,POL,2011,38063255
12435,POL,2012,38063164
12436,POL,2013,38040196
12437,POL,2014,38011735
12438,POL,2015,37986412
12439,POL,2016,37970087
12440,POL,2017,37974826
12441,POL,2018,37974750
12442,POL,2019,37970874
12444,PRT,1960,8857716
12445,PRT,1961,8929316
12446,PRT,1962,8993985
12447,PRT,1963,9030355
12448,PRT,1964,9035365
12449,PRT,1965,8998595
12450,PRT,1966,8930990
12451,PRT,1967,8874520
12452,PRT,1968,8836650
12453,PRT,1969,8757705
12454,PRT,1970,8680431
12455,PRT,1971,8643756
12456,PRT,1972,8630430
12457,PRT,1973,8633100
12458,PRT,1974,8754365
12459,PRT,1975,9093470
12460,PRT,1976,9355810
12461,PRT,1977,9455675
12462,PRT,1978,9558250
12463,PRT,1979,9661265
12464,PRT,1980,9766312
12465,PRT,1981,9851362
12466,PRT,1982,9911771
12467,PRT,1983,9957865
12468,PRT,1984,9996232
12469,PRT,1985,10023613
12470,PRT,1986,10032734
12471,PRT,1987,10030031
12472,PRT,1988,10019610
12473,PRT,1989,10005000
12474,PRT,1990,9983218
12475,PRT,1991,9960235
12476,PRT,1992,9952494
12477,PRT,1993,9964675
12478,PRT,1994,9991525
12479,PRT,1995,10026176
12480,PRT,1996,10063945
12481,PRT,1997,10108977
12482,PRT,1998,10160196
12483,PRT,1999,10217828
12484,PRT,2000,10289898
12485,PRT,2001,10362722
12486,PRT,2002,10419631
12487,PRT,2003,10458821
12488,PRT,2004,10483861
12489,PRT,2005,10503330
12490,PRT,2006,10522288
12491,PRT,2007,10542964
12492,PRT,2008,10558177
12493,PRT,2009,10568247
12494,PRT,2010,10573100
12495,PRT,2011,10557560
12496,PRT,2012,10514844
12497,PRT,2013,10457295
12498,PRT,2014,10401062
12499,PRT,2015,10358076
12500,PRT,2016,10325452
12501,PRT,2017,10300300
12502,PRT,2018,10283822
12503,PRT,2019,10269417
12505,PRI,1960,2358000
12506,PRI,1961,2399722
12507,PRI,1962,2450322
12508,PRI,1963,2504530
12509,PRI,1964,2554066
12510,PRI,1965,2594000
12511,PRI,1966,2624995
12512,PRI,1967,2645674
12513,PRI,1968,2662064
12514,PRI,1969,2684150
12515,PRI,1970,2718000
12516,PRI,1971,2762190
12517,PRI,1972,2817256
12518,PRI,1973,2878786
12519,PRI,1974,2939299
12520,PRI,1975,2994000
12521,PRI,1976,3043854
12522,PRI,1977,3088690
12523,PRI,1978,3129421
12524,PRI,1979,3168088
12525,PRI,1980,3206000
12526,PRI,1981,3242552
12527,PRI,1982,3277453
12528,PRI,1983,3311138
12529,PRI,1984,3344190
12530,PRI,1985,3377000
12531,PRI,1986,3409554
12532,PRI,1987,3441850
12533,PRI,1988,3473898
12534,PRI,1989,3505650
12535,PRI,1990,3537000
12536,PRI,1991,3562110
12537,PRI,1992,3585176
12538,PRI,1993,3615497
12539,PRI,1994,3649237
12540,PRI,1995,3683103
12541,PRI,1996,3724655
12542,PRI,1997,3759430
12543,PRI,1998,3781101
12544,PRI,1999,3800081
12545,PRI,2000,3810605
12546,PRI,2001,3818774
12547,PRI,2002,3823701
12548,PRI,2003,3826095
12549,PRI,2004,3826878
12550,PRI,2005,3821362
12551,PRI,2006,3805214
12552,PRI,2007,3782995
12553,PRI,2008,3760866
12554,PRI,2009,3740410
12555,PRI,2010,3721525
12556,PRI,2011,3678732
12557,PRI,2012,3634488
12558,PRI,2013,3593077
12559,PRI,2014,3534874
12560,PRI,2015,3473232
12561,PRI,2016,3406672
12562,PRI,2017,3325286
12563,PRI,2018,3193354
12564,PRI,2019,3193694
12566,QAT,1960,47384
12567,QAT,1961,51421
12568,QAT,1962,56262
12569,QAT,1963,61716
12570,QAT,1964,67566
12571,QAT,1965,73633
12572,QAT,1966,79846
12573,QAT,1967,86302
12574,QAT,1968,93211
12575,QAT,1969,100883
12576,QAT,1970,109514
12577,QAT,1971,119414
12578,QAT,1972,130500
12579,QAT,1973,142186
12580,QAT,1974,153621
12581,QAT,1975,164320
12582,QAT,1976,173721
12583,QAT,1977,182318
12584,QAT,1978,191951
12585,QAT,1979,205171
12586,QAT,1980,223632
12587,QAT,1981,247988
12588,QAT,1982,277226
12589,QAT,1983,309306
12590,QAT,1984,341272
12591,QAT,1985,370890
12592,QAT,1986,397740
12593,QAT,1987,422148
12594,QAT,1988,443605
12595,QAT,1989,461690
12596,QAT,1990,476278
12597,QAT,1991,487353
12598,QAT,1992,495395
12599,QAT,1993,501479
12600,QAT,1994,507041
12601,QAT,1995,513442
12602,QAT,1996,522531
12603,QAT,1997,535321
12604,QAT,1998,551562
12605,QAT,1999,570489
12606,QAT,2000,592468
12607,QAT,2001,615012
12608,QAT,2002,640868
12609,QAT,2003,681788
12610,QAT,2004,753334
12611,QAT,2005,865416
12612,QAT,2006,1022711
12613,QAT,2007,1218434
12614,QAT,2008,1436665
12615,QAT,2009,1654950
12616,QAT,2010,1856327
12617,QAT,2011,2035871
12618,QAT,2012,2196074
12619,QAT,2013,2336574
12620,QAT,2014,2459198
12621,QAT,2015,2565710
12622,QAT,2016,2654374
12623,QAT,2017,2724724
12624,QAT,2018,2781677
12625,QAT,2019,2832067
12627,ROU,1960,18406905
12628,ROU,1961,18555250
12629,ROU,1962,18676550
12630,ROU,1963,18797850
12631,ROU,1964,18919126
12632,ROU,1965,19031576
12633,ROU,1966,19215450
12634,ROU,1967,19534242
12635,ROU,1968,19799831
12636,ROU,1969,20009141
12637,ROU,1970,20250398
12638,ROU,1971,20461567
12639,ROU,1972,20657957
12640,ROU,1973,20835681
12641,ROU,1974,21029429
12642,ROU,1975,21293583
12643,ROU,1976,21551634
12644,ROU,1977,21756096
12645,ROU,1978,21951464
12646,ROU,1979,22090488
12647,ROU,1980,22207282
12648,ROU,1981,22353070
12649,ROU,1982,22475741
12650,ROU,1983,22560478
12651,ROU,1984,22640547
12652,ROU,1985,22732999
12653,ROU,1986,22836841
12654,ROU,1987,22949430
12655,ROU,1988,23057662
12656,ROU,1989,23161458
12657,ROU,1990,23201835
12658,ROU,1991,23001155
12659,ROU,1992,22794284
12660,ROU,1993,22763280
12661,ROU,1994,22730211
12662,ROU,1995,22684270
12663,ROU,1996,22619004
12664,ROU,1997,22553978
12665,ROU,1998,22507344
12666,ROU,1999,22472040
12667,ROU,2000,22442971
12668,ROU,2001,22131970
12669,ROU,2002,21730496
12670,ROU,2003,21574326
12671,ROU,2004,21451748
12672,ROU,2005,21319685
12673,ROU,2006,21193760
12674,ROU,2007,20882982
12675,ROU,2008,20537875
12676,ROU,2009,20367487
12677,ROU,2010,20246871
12678,ROU,2011,20147528
12679,ROU,2012,20058035
12680,ROU,2013,19983693
12681,ROU,2014,19908979
12682,ROU,2015,19815616
12683,ROU,2016,19702267
12684,ROU,2017,19587290
12685,ROU,2018,19472545
12686,ROU,2019,19356544
12688,RUS,1960,119897000
12689,RUS,1961,121236000
12690,RUS,1962,122591000
12691,RUS,1963,123960000
12692,RUS,1964,125345000
12693,RUS,1965,126745000
12694,RUS,1966,127468000
12695,RUS,1967,128196000
12696,RUS,1968,128928000
12697,RUS,1969,129664000
12698,RUS,1970,130404000
12699,RUS,1971,131155000
12700,RUS,1972,131909000
12701,RUS,1973,132669000
12702,RUS,1974,133432000
12703,RUS,1975,134200000
12704,RUS,1976,135147000
12705,RUS,1977,136100000
12706,RUS,1978,137060000
12707,RUS,1979,138027000
12708,RUS,1980,139010000
12709,RUS,1981,139941000
12710,RUS,1982,140823000
12711,RUS,1983,141668000
12712,RUS,1984,142745000
12713,RUS,1985,143858000
12714,RUS,1986,144894000
12715,RUS,1987,145908000
12716,RUS,1988,146857000
12717,RUS,1989,147721000
12718,RUS,1990,147969407
12719,RUS,1991,148394216
12720,RUS,1992,148538197
12721,RUS,1993,148458777
12722,RUS,1994,148407912
12723,RUS,1995,148375787
12724,RUS,1996,148160129
12725,RUS,1997,147915361
12726,RUS,1998,147670784
12727,RUS,1999,147214776
12728,RUS,2000,146596869
12729,RUS,2001,145976482
12730,RUS,2002,145306497
12731,RUS,2003,144648618
12732,RUS,2004,144067316
12733,RUS,2005,143518814
12734,RUS,2006,143049637
12735,RUS,2007,142805114
12736,RUS,2008,142742366
12737,RUS,2009,142785349
12738,RUS,2010,142849468
12739,RUS,2011,142960908
12740,RUS,2012,143201721
12741,RUS,2013,143506995
12742,RUS,2014,143819666
12743,RUS,2015,144096870
12744,RUS,2016,144342396
12745,RUS,2017,144496740
12746,RUS,2018,144477860
12747,RUS,2019,144373535
12749,RWA,1960,2935582
12750,RWA,1961,2998325
12751,RWA,1962,3052936
12752,RWA,1963,3105419
12753,RWA,1964,3164263
12754,RWA,1965,3235531
12755,RWA,1966,3321679
12756,RWA,1967,3420895
12757,RWA,1968,3529843
12758,RWA,1969,3643237
12759,RWA,1970,3757358
12760,RWA,1971,3871439
12761,RWA,1972,3987224
12762,RWA,1973,4106407
12763,RWA,1974,4231578
12764,RWA,1975,4364706
12765,RWA,1976,4506109
12766,RWA,1977,4655383
12767,RWA,1978,4812872
12768,RWA,1979,4978817
12769,RWA,1980,5153312
12770,RWA,1981,5329252
12771,RWA,1982,5504842
12772,RWA,1983,5690980
12773,RWA,1984,5902843
12774,RWA,1985,6146891
12775,RWA,1986,6443751
12776,RWA,1987,6779983
12777,RWA,1988,7088191
12778,RWA,1989,7276985
12779,RWA,1990,7288882
12780,RWA,1991,7083935
12781,RWA,1992,6702244
12782,RWA,1993,6263757
12783,RWA,1994,5936261
12784,RWA,1995,5836495
12785,RWA,1996,6013107
12786,RWA,1997,6419901
12787,RWA,1998,6962802
12788,RWA,1999,7501234
12789,RWA,2000,7933681
12790,RWA,2001,8231156
12791,RWA,2002,8427060
12792,RWA,2003,8557161
12793,RWA,2004,8680524
12794,RWA,2005,8840215
12795,RWA,2006,9043337
12796,RWA,2007,9273757
12797,RWA,2008,9524534
12798,RWA,2009,9782770
12799,RWA,2010,10039338
12800,RWA,2011,10293331
12801,RWA,2012,10549678
12802,RWA,2013,10811543
12803,RWA,2014,11083635
12804,RWA,2015,11369071
12805,RWA,2016,11668818
12806,RWA,2017,11980937
12807,RWA,2018,12301939
12808,RWA,2019,12626950
12810,WSM,1960,108629
12811,WSM,1961,112105
12812,WSM,1962,115776
12813,WSM,1963,119559
12814,WSM,1964,123342
12815,WSM,1965,127054
12816,WSM,1966,130673
12817,WSM,1967,134177
12818,WSM,1968,137487
12819,WSM,1969,140500
12820,WSM,1970,143149
12821,WSM,1971,145413
12822,WSM,1972,147296
12823,WSM,1973,148864
12824,WSM,1974,150198
12825,WSM,1975,151359
12826,WSM,1976,152367
12827,WSM,1977,153224
12828,WSM,1978,153987
12829,WSM,1979,154739
12830,WSM,1980,155525
12831,WSM,1981,156407
12832,WSM,1982,157372
12833,WSM,1983,158352
12834,WSM,1984,159248
12835,WSM,1985,159990
12836,WSM,1986,160544
12837,WSM,1987,160965
12838,WSM,1988,161376
12839,WSM,1989,161940
12840,WSM,1990,162803
12841,WSM,1991,163997
12842,WSM,1992,165490
12843,WSM,1993,167119
12844,WSM,1994,168694
12845,WSM,1995,170054
12846,WSM,1996,171165
12847,WSM,1997,172068
12848,WSM,1998,172839
12849,WSM,1999,173609
12850,WSM,2000,174454
12851,WSM,2001,175392
12852,WSM,2002,176407
12853,WSM,2003,177484
12854,WSM,2004,178590
12855,WSM,2005,179727
12856,WSM,2006,180876
12857,WSM,2007,182046
12858,WSM,2008,183263
12859,WSM,2009,184556
12860,WSM,2010,185949
12861,WSM,2011,187469
12862,WSM,2012,189088
12863,WSM,2013,190717
12864,WSM,2014,192221
12865,WSM,2015,193513
12866,WSM,2016,194535
12867,WSM,2017,195352
12868,WSM,2018,196130
12869,WSM,2019,197097
12871,SMR,1960,15432
12872,SMR,1961,15837
12873,SMR,1962,16255
12874,SMR,1963,16679
12875,SMR,1964,17099
12876,SMR,1965,17513
12877,SMR,1966,17918
12878,SMR,1967,18307
12879,SMR,1968,18668
12880,SMR,1969,18977
12881,SMR,1970,19221
12882,SMR,1971,19389
12883,SMR,1972,19494
12884,SMR,1973,19566
12885,SMR,1974,19664
12886,SMR,1975,19831
12887,SMR,1976,20083
12888,SMR,1977,20397
12889,SMR,1978,20760
12890,SMR,1979,21127
12891,SMR,1980,21459
12892,SMR,1981,21765
12893,SMR,1982,22037
12894,SMR,1983,22299
12895,SMR,1984,22549
12896,SMR,1985,22798
12897,SMR,1986,23046
12898,SMR,1987,23295
12899,SMR,1988,23551
12900,SMR,1989,23817
12901,SMR,1990,24125
12902,SMR,1991,24460
12903,SMR,1992,24822
12904,SMR,1993,25209
12905,SMR,1994,25582
12906,SMR,1995,25928
12907,SMR,1996,26252
12908,SMR,1997,26562
12909,SMR,1998,26840
12910,SMR,1999,27145
12911,SMR,2000,27462
12912,SMR,2001,27812
12913,SMR,2002,28175
12914,SMR,2003,28562
12915,SMR,2004,28940
12916,SMR,2005,29324
12917,SMR,2006,29700
12918,SMR,2007,30063
12919,SMR,2008,30434
12920,SMR,2009,30816
12921,SMR,2010,31229
12922,SMR,2011,31661
12923,SMR,2012,32105
12924,SMR,2013,32553
12925,SMR,2014,32948
12926,SMR,2015,33272
12927,SMR,2016,33504
12928,SMR,2017,33671
12929,SMR,2018,33785
12930,SMR,2019,33860
12932,STP,1960,64302
12933,STP,1961,64602
12934,STP,1962,64479
12935,STP,1963,64231
12936,STP,1964,64277
12937,STP,1965,64892
12938,STP,1966,66183
12939,STP,1967,68047
12940,STP,1968,70257
12941,STP,1969,72507
12942,STP,1970,74564
12943,STP,1971,76347
12944,STP,1972,77934
12945,STP,1973,79464
12946,STP,1974,81152
12947,STP,1975,83138
12948,STP,1976,85481
12949,STP,1977,88110
12950,STP,1978,90843
12951,STP,1979,93461
12952,STP,1980,95794
12953,STP,1981,97770
12954,STP,1982,99473
12955,STP,1983,101066
12956,STP,1984,102829
12957,STP,1985,104924
12958,STP,1986,107429
12959,STP,1987,110254
12960,STP,1988,113285
12961,STP,1989,116320
12962,STP,1990,119209
12963,STP,1991,121956
12964,STP,1992,124576
12965,STP,1993,127062
12966,STP,1994,129427
12967,STP,1995,131678
12968,STP,1996,133806
12969,STP,1997,135832
12970,STP,1998,137848
12971,STP,1999,139959
12972,STP,2000,142262
12973,STP,2001,144755
12974,STP,2002,147447
12975,STP,2003,150415
12976,STP,2004,153737
12977,STP,2005,157472
12978,STP,2006,161681
12979,STP,2007,166300
12980,STP,2008,171120
12981,STP,2009,175876
12982,STP,2010,180371
12983,STP,2011,184524
12984,STP,2012,188404
12985,STP,2013,192087
12986,STP,2014,195727
12987,STP,2015,199432
12988,STP,2016,203227
12989,STP,2017,207089
12990,STP,2018,211028
12991,STP,2019,215056
12993,SAU,1960,4086539
12994,SAU,1961,4218853
12995,SAU,1962,4362786
12996,SAU,1963,4516533
12997,SAU,1964,4677298
12998,SAU,1965,4843635
12999,SAU,1966,5015357
13000,SAU,1967,5195135
13001,SAU,1968,5387828
13002,SAU,1969,5599904
13003,SAU,1970,5836389
13004,SAU,1971,6100626
13005,SAU,1972,6392970
13006,SAU,1973,6711923
13007,SAU,1974,7054532
13008,SAU,1975,7419493
13009,SAU,1976,7802926
13010,SAU,1977,8207697
13011,SAU,1978,8646845
13012,SAU,1979,9137927
13013,SAU,1980,9691476
13014,SAU,1981,10311775
13015,SAU,1982,10988853
13016,SAU,1983,11701128
13017,SAU,1984,12418834
13018,SAU,1985,13118993
13019,SAU,1986,13794165
13020,SAU,1987,14445671
13021,SAU,1988,15070082
13022,SAU,1989,15666297
13023,SAU,1990,16233785
13024,SAU,1991,16772694
13025,SAU,1992,17282691
13026,SAU,1993,17763298
13027,SAU,1994,18214470
13028,SAU,1995,18638787
13029,SAU,1996,19033845
13030,SAU,1997,19407142
13031,SAU,1998,19783304
13032,SAU,1999,20194527
13033,SAU,2000,20663843
13034,SAU,2001,21202642
13035,SAU,2002,21805313
13036,SAU,2003,22456649
13037,SAU,2004,23132682
13038,SAU,2005,23816183
13039,SAU,2006,24498310
13040,SAU,2007,25184597
13041,SAU,2008,25888541
13042,SAU,2009,26630303
13043,SAU,2010,27421461
13044,SAU,2011,28267685
13045,SAU,2012,29155187
13046,SAU,2013,30052518
13047,SAU,2014,30916994
13048,SAU,2015,31717667
13049,SAU,2016,32442572
13050,SAU,2017,33099147
13051,SAU,2018,33699947
13052,SAU,2019,34268528
13054,SEN,1960,3206749
13055,SEN,1961,3295278
13056,SEN,1962,3386806
13057,SEN,1963,3481654
13058,SEN,1964,3580239
13059,SEN,1965,3682876
13060,SEN,1966,3789383
13061,SEN,1967,3899644
13062,SEN,1968,4014103
13063,SEN,1969,4133322
13064,SEN,1970,4257505
13065,SEN,1971,4387540
13066,SEN,1972,4522893
13067,SEN,1973,4660725
13068,SEN,1974,4797187
13069,SEN,1975,4929846
13070,SEN,1976,5057378
13071,SEN,1977,5181514
13072,SEN,1978,5306681
13073,SEN,1979,5439066
13074,SEN,1980,5583165
13075,SEN,1981,5740444
13076,SEN,1982,5909739
13077,SEN,1983,6089572
13078,SEN,1984,6277424
13079,SEN,1985,6471327
13080,SEN,1986,6670663
13081,SEN,1987,6875754
13082,SEN,1988,7086627
13083,SEN,1989,7303517
13084,SEN,1990,7526307
13085,SEN,1991,7755496
13086,SEN,1992,7990096
13087,SEN,1993,8226760
13088,SEN,1994,8461068
13089,SEN,1995,8690164
13090,SEN,1996,8912861
13091,SEN,1997,9130877
13092,SEN,1998,9347774
13093,SEN,1999,9568722
13094,SEN,2000,9797734
13095,SEN,2001,10036104
13096,SEN,2002,10283699
13097,SEN,2003,10541467
13098,SEN,2004,10810083
13099,SEN,2005,11090116
13100,SEN,2006,11382268
13101,SEN,2007,11687080
13102,SEN,2008,12004701
13103,SEN,2009,12335084
13104,SEN,2010,12678148
13105,SEN,2011,13033809
13106,SEN,2012,13401991
13107,SEN,2013,13782420
13108,SEN,2014,14174731
13109,SEN,2015,14578459
13110,SEN,2016,14993528
13111,SEN,2017,15419381
13112,SEN,2018,15854360
13113,SEN,2019,16296364
13145,SRB,1990,7586000
13146,SRB,1991,7595636
13147,SRB,1992,7646424
13148,SRB,1993,7699307
13149,SRB,1994,7734639
13150,SRB,1995,7625357
13151,SRB,1996,7617794
13152,SRB,1997,7596501
13153,SRB,1998,7567745
13154,SRB,1999,7540401
13155,SRB,2000,7516346
13156,SRB,2001,7503433
13157,SRB,2002,7496522
13158,SRB,2003,7480591
13159,SRB,2004,7463157
13160,SRB,2005,7440769
13161,SRB,2006,7411569
13162,SRB,2007,7381579
13163,SRB,2008,7350222
13164,SRB,2009,7320807
13165,SRB,2010,7291436
13166,SRB,2011,7234099
13167,SRB,2012,7199077
13168,SRB,2013,7164132
13169,SRB,2014,7130576
13170,SRB,2015,7095383
13171,SRB,2016,7058322
13172,SRB,2017,7020858
13173,SRB,2018,6982604
13174,SRB,2019,6944975
13176,SYC,1960,41700
13177,SYC,1961,42889
13178,SYC,1962,44042
13179,SYC,1963,45176
13180,SYC,1964,46322
13181,SYC,1965,47500
13182,SYC,1966,48699
13183,SYC,1967,49911
13184,SYC,1968,51134
13185,SYC,1969,52365
13186,SYC,1970,53600
13187,SYC,1971,54695
13188,SYC,1972,56029
13189,SYC,1973,56892
13190,SYC,1974,57937
13191,SYC,1975,59292
13192,SYC,1976,60504
13193,SYC,1977,61786
13194,SYC,1978,62150
13195,SYC,1979,62686
13196,SYC,1980,63261
13197,SYC,1981,64035
13198,SYC,1982,64413
13199,SYC,1983,64335
13200,SYC,1984,64717
13201,SYC,1985,65244
13202,SYC,1986,65652
13203,SYC,1987,68499
13204,SYC,1988,68755
13205,SYC,1989,69167
13206,SYC,1990,69507
13207,SYC,1991,70439
13208,SYC,1992,70763
13209,SYC,1993,72253
13210,SYC,1994,74205
13211,SYC,1995,75304
13212,SYC,1996,76417
13213,SYC,1997,77319
13214,SYC,1998,78846
13215,SYC,1999,80410
13216,SYC,2000,81131
13217,SYC,2001,81202
13218,SYC,2002,83723
13219,SYC,2003,82781
13220,SYC,2004,82475
13221,SYC,2005,82858
13222,SYC,2006,84600
13223,SYC,2007,85033
13224,SYC,2008,86956
13225,SYC,2009,87298
13226,SYC,2010,89770
13227,SYC,2011,87441
13228,SYC,2012,88303
13229,SYC,2013,89949
13230,SYC,2014,91359
13231,SYC,2015,93419
13232,SYC,2016,94677
13233,SYC,2017,95843
13234,SYC,2018,96762
13235,SYC,2019,97625
13237,SLE,1960,2317636
13238,SLE,1961,2352363
13239,SLE,1962,2388769
13240,SLE,1963,2426857
13241,SLE,1964,2466667
13242,SLE,1965,2508219
13243,SLE,1966,2551578
13244,SLE,1967,2596805
13245,SLE,1968,2644020
13246,SLE,1969,2693348
13247,SLE,1970,2744891
13248,SLE,1971,2798724
13249,SLE,1972,2854872
13250,SLE,1973,2913344
13251,SLE,1974,2974104
13252,SLE,1975,3037154
13253,SLE,1976,3102592
13254,SLE,1977,3170508
13255,SLE,1978,3240839
13256,SLE,1979,3313504
13257,SLE,1980,3388495
13258,SLE,1981,3464106
13259,SLE,1982,3540170
13260,SLE,1983,3619847
13261,SLE,1984,3707510
13262,SLE,1985,3805311
13263,SLE,1986,3916685
13264,SLE,1987,4038144
13265,SLE,1988,4156634
13266,SLE,1989,4254444
13267,SLE,1990,4319762
13268,SLE,1991,4348660
13269,SLE,1992,4347724
13270,SLE,1993,4328957
13271,SLE,1994,4309775
13272,SLE,1995,4303957
13273,SLE,1996,4312666
13274,SLE,1997,4335301
13275,SLE,1998,4381483
13276,SLE,1999,4462378
13277,SLE,2000,4584571
13278,SLE,2001,4754072
13279,SLE,2002,4965766
13280,SLE,2003,5201070
13281,SLE,2004,5433991
13282,SLE,2005,5645624
13283,SLE,2006,5829237
13284,SLE,2007,5989633
13285,SLE,2008,6133603
13286,SLE,2009,6272734
13287,SLE,2010,6415634
13288,SLE,2011,6563240
13289,SLE,2012,6712581
13290,SLE,2013,6863980
13291,SLE,2014,7017144
13292,SLE,2015,7171914
13293,SLE,2016,7328838
13294,SLE,2017,7488431
13295,SLE,2018,7650154
13296,SLE,2019,7813215
13298,SGP,1960,1646400
13299,SGP,1961,1702400
13300,SGP,1962,1750200
13301,SGP,1963,1795000
13302,SGP,1964,1841600
13303,SGP,1965,1886900
13304,SGP,1966,1934400
13305,SGP,1967,1977600
13306,SGP,1968,2012000
13307,SGP,1969,2042500
13308,SGP,1970,2074507
13309,SGP,1971,2112900
13310,SGP,1972,2152400
13311,SGP,1973,2193000
13312,SGP,1974,2229800
13313,SGP,1975,2262600
13314,SGP,1976,2293300
13315,SGP,1977,2325300
13316,SGP,1978,2353600
13317,SGP,1979,2383500
13318,SGP,1980,2413945
13319,SGP,1981,2532835
13320,SGP,1982,2646466
13321,SGP,1983,2681061
13322,SGP,1984,2732221
13323,SGP,1985,2735957
13324,SGP,1986,2733373
13325,SGP,1987,2774789
13326,SGP,1988,2846108
13327,SGP,1989,2930901
13328,SGP,1990,3047132
13329,SGP,1991,3135083
13330,SGP,1992,3230698
13331,SGP,1993,3313471
13332,SGP,1994,3419048
13333,SGP,1995,3524506
13334,SGP,1996,3670704
13335,SGP,1997,3796038
13336,SGP,1998,3927213
13337,SGP,1999,3958723
13338,SGP,2000,4027887
13339,SGP,2001,4138012
13340,SGP,2002,4175950
13341,SGP,2003,4114826
13342,SGP,2004,4166664
13343,SGP,2005,4265762
13344,SGP,2006,4401365
13345,SGP,2007,4588599
13346,SGP,2008,4839396
13347,SGP,2009,4987573
13348,SGP,2010,5076732
13349,SGP,2011,5183688
13350,SGP,2012,5312437
13351,SGP,2013,5399162
13352,SGP,2014,5469724
13353,SGP,2015,5535002
13354,SGP,2016,5607283
13355,SGP,2017,5612253
13356,SGP,2018,5638676
13357,SGP,2019,5703569
13397,SXM,1998,31240
13398,SXM,1999,31084
13399,SXM,2000,30519
13400,SXM,2001,30600
13401,SXM,2002,30777
13402,SXM,2003,31472
13403,SXM,2004,32488
13404,SXM,2005,33011
13405,SXM,2006,33441
13406,SXM,2007,33811
13407,SXM,2008,33964
13408,SXM,2009,34238
13409,SXM,2010,34056
13410,SXM,2011,33435
13411,SXM,2012,34640
13412,SXM,2013,36607
13413,SXM,2014,37685
13414,SXM,2015,38825
13415,SXM,2016,39969
13416,SXM,2017,40574
13417,SXM,2018,40654
13418,SXM,2019,40733
13420,SVK,1960,4068095
13421,SVK,1961,4191667
13422,SVK,1962,4238188
13423,SVK,1963,4282017
13424,SVK,1964,4327341
13425,SVK,1965,4370983
13426,SVK,1966,4411666
13427,SVK,1967,4449367
13428,SVK,1968,4483915
13429,SVK,1969,4518607
13430,SVK,1970,4538223
13431,SVK,1971,4557449
13432,SVK,1972,4596622
13433,SVK,1973,4641445
13434,SVK,1974,4689623
13435,SVK,1975,4739105
13436,SVK,1976,4789507
13437,SVK,1977,4840501
13438,SVK,1978,4890125
13439,SVK,1979,4938973
13440,SVK,1980,4979815
13441,SVK,1981,5016105
13442,SVK,1982,5055099
13443,SVK,1983,5091971
13444,SVK,1984,5127097
13445,SVK,1985,5161768
13446,SVK,1986,5193838
13447,SVK,1987,5222840
13448,SVK,1988,5250596
13449,SVK,1989,5275942
13450,SVK,1990,5299187
13451,SVK,1991,5303294
13452,SVK,1992,5305016
13453,SVK,1993,5325305
13454,SVK,1994,5346331
13455,SVK,1995,5361999
13456,SVK,1996,5373361
13457,SVK,1997,5383291
13458,SVK,1998,5390516
13459,SVK,1999,5396020
13460,SVK,2000,5388720
13461,SVK,2001,5378867
13462,SVK,2002,5376912
13463,SVK,2003,5373374
13464,SVK,2004,5372280
13465,SVK,2005,5372807
13466,SVK,2006,5373054
13467,SVK,2007,5374622
13468,SVK,2008,5379233
13469,SVK,2009,5386406
13470,SVK,2010,5391428
13471,SVK,2011,5398384
13472,SVK,2012,5407579
13473,SVK,2013,5413393
13474,SVK,2014,5418649
13475,SVK,2015,5423801
13476,SVK,2016,5430798
13477,SVK,2017,5439232
13478,SVK,2018,5446771
13479,SVK,2019,5454073
13481,SVN,1960,1584720
13482,SVN,1961,1594131
13483,SVN,1962,1603649
13484,SVN,1963,1616971
13485,SVN,1964,1632114
13486,SVN,1965,1649160
13487,SVN,1966,1669905
13488,SVN,1967,1689528
13489,SVN,1968,1704546
13490,SVN,1969,1713874
13491,SVN,1970,1724891
13492,SVN,1971,1738335
13493,SVN,1972,1752233
13494,SVN,1973,1766697
13495,SVN,1974,1776132
13496,SVN,1975,1793581
13497,SVN,1976,1820249
13498,SVN,1977,1842377
13499,SVN,1978,1862548
13500,SVN,1979,1882599
13501,SVN,1980,1901315
13502,SVN,1981,1906531
13503,SVN,1982,1910334
13504,SVN,1983,1922321
13505,SVN,1984,1932154
13506,SVN,1985,1941641
13507,SVN,1986,1965964
13508,SVN,1987,1989776
13509,SVN,1988,1995196
13510,SVN,1989,1996351
13511,SVN,1990,1998161
13512,SVN,1991,1999429
13513,SVN,1992,1996498
13514,SVN,1993,1991746
13515,SVN,1994,1989443
13516,SVN,1995,1989872
13517,SVN,1996,1988628
13518,SVN,1997,1985956
13519,SVN,1998,1981629
13520,SVN,1999,1983045
13521,SVN,2000,1988925
13522,SVN,2001,1992060
13523,SVN,2002,1994530
13524,SVN,2003,1995733
13525,SVN,2004,1997012
13526,SVN,2005,2000474
13527,SVN,2006,2006868
13528,SVN,2007,2018122
13529,SVN,2008,2021316
13530,SVN,2009,2039669
13531,SVN,2010,2048583
13532,SVN,2011,2052843
13533,SVN,2012,2057159
13534,SVN,2013,2059953
13535,SVN,2014,2061980
13536,SVN,2015,2063531
13537,SVN,2016,2065042
13538,SVN,2017,2066388
13539,SVN,2018,2073894
13540,SVN,2019,2087946
13542,SLB,1960,117849
13543,SLB,1961,121378
13544,SLB,1962,125040
13545,SLB,1963,128838
13546,SLB,1964,132759
13547,SLB,1965,136816
13548,SLB,1966,140991
13549,SLB,1967,145317
13550,SLB,1968,149881
13551,SLB,1969,154830
13552,SLB,1970,160250
13553,SLB,1971,166162
13554,SLB,1972,172552
13555,SLB,1973,179305
13556,SLB,1974,186295
13557,SLB,1975,193402
13558,SLB,1976,200599
13559,SLB,1977,207890
13560,SLB,1978,215295
13561,SLB,1979,222840
13562,SLB,1980,230546
13563,SLB,1981,238429
13564,SLB,1982,246447
13565,SLB,1983,254559
13566,SLB,1984,262687
13567,SLB,1985,270788
13568,SLB,1986,278837
13569,SLB,1987,286870
13570,SLB,1988,294972
13571,SLB,1989,303272
13572,SLB,1990,311866
13573,SLB,1991,320780
13574,SLB,1992,329995
13575,SLB,1993,339504
13576,SLB,1994,349281
13577,SLB,1995,359281
13578,SLB,1996,369523
13579,SLB,1997,379999
13580,SLB,1998,390693
13581,SLB,1999,401586
13582,SLB,2000,412660
13583,SLB,2001,423944
13584,SLB,2002,435432
13585,SLB,2003,447017
13586,SLB,2004,458539
13587,SLB,2005,469918
13588,SLB,2006,481078
13589,SLB,2007,492132
13590,SLB,2008,503360
13591,SLB,2009,515181
13592,SLB,2010,527861
13593,SLB,2011,541521
13594,SLB,2012,556064
13595,SLB,2013,571335
13596,SLB,2014,587079
13597,SLB,2015,603118
13598,SLB,2016,619437
13599,SLB,2017,636038
13600,SLB,2018,652858
13601,SLB,2019,669823
13603,SOM,1960,2755972
13604,SOM,1961,2814118
13605,SOM,1962,2874218
13606,SOM,1963,2936477
13607,SOM,1964,3001158
13608,SOM,1965,3068459
13609,SOM,1966,3143648
13610,SOM,1967,3227841
13611,SOM,1968,3312742
13612,SOM,1969,3386738
13613,SOM,1970,3444568
13614,SOM,1971,3472367
13615,SOM,1972,3479790
13616,SOM,1973,3512623
13617,SOM,1974,3632990
13618,SOM,1975,3880292
13619,SOM,1976,4278973
13620,SOM,1977,4802141
13621,SOM,1978,5375017
13622,SOM,1979,5892755
13623,SOM,1980,6281134
13624,SOM,1981,6511113
13625,SOM,1982,6608044
13626,SOM,1983,6618588
13627,SOM,1984,6614715
13628,SOM,1985,6648627
13629,SOM,1986,6736748
13630,SOM,1987,6862273
13631,SOM,1988,7005234
13632,SOM,1989,7133258
13633,SOM,1990,7225092
13634,SOM,1991,7274030
13635,SOM,1992,7295384
13636,SOM,1993,7315865
13637,SOM,1994,7372598
13638,SOM,1995,7491637
13639,SOM,1996,7682686
13640,SOM,1997,7936127
13641,SOM,1998,8235064
13642,SOM,1999,8553601
13643,SOM,2000,8872254
13644,SOM,2001,9186725
13645,SOM,2002,9501342
13646,SOM,2003,9815412
13647,SOM,2004,10130243
13648,SOM,2005,10446863
13649,SOM,2006,10763905
13650,SOM,2007,11080121
13651,SOM,2008,11397188
13652,SOM,2009,11717692
13653,SOM,2010,12043883
13654,SOM,2011,12376302
13655,SOM,2012,12715510
13656,SOM,2013,13063706
13657,SOM,2014,13423576
13658,SOM,2015,13797201
13659,SOM,2016,14185613
13660,SOM,2017,14589119
13661,SOM,2018,15008154
13662,SOM,2019,15442905
13664,ZAF,1960,17099840
13665,ZAF,1961,17524533
13666,ZAF,1962,17965725
13667,ZAF,1963,18423161
13668,ZAF,1964,18896307
13669,ZAF,1965,19384841
13670,ZAF,1966,19888250
13671,ZAF,1967,20406864
13672,ZAF,1968,20942145
13673,ZAF,1969,21496075
13674,ZAF,1970,22069776
13675,ZAF,1971,22665271
13676,ZAF,1972,23281508
13677,ZAF,1973,23913099
13678,ZAF,1974,24552540
13679,ZAF,1975,25195187
13680,ZAF,1976,25836888
13681,ZAF,1977,26480913
13682,ZAF,1978,27138965
13683,ZAF,1979,27827320
13684,ZAF,1980,28556769
13685,ZAF,1981,29333103
13686,ZAF,1982,30150448
13687,ZAF,1983,30993758
13688,ZAF,1984,31841593
13689,ZAF,1985,32678874
13690,ZAF,1986,33495953
13691,ZAF,1987,34297727
13692,ZAF,1988,35100909
13693,ZAF,1989,35930050
13694,ZAF,1990,36800509
13695,ZAF,1991,37718950
13696,ZAF,1992,38672607
13697,ZAF,1993,39633750
13698,ZAF,1994,40564059
13699,ZAF,1995,41435758
13700,ZAF,1996,42241011
13701,ZAF,1997,42987461
13702,ZAF,1998,43682260
13703,ZAF,1999,44338543
13704,ZAF,2000,44967708
13705,ZAF,2001,45571274
13706,ZAF,2002,46150913
13707,ZAF,2003,46719196
13708,ZAF,2004,47291610
13709,ZAF,2005,47880601
13710,ZAF,2006,48489459
13711,ZAF,2007,49119759
13712,ZAF,2008,49779471
13713,ZAF,2009,50477011
13714,ZAF,2010,51216964
13715,ZAF,2011,52004172
13716,ZAF,2012,52834005
13717,ZAF,2013,53689236
13718,ZAF,2014,54545991
13719,ZAF,2015,55386367
13720,ZAF,2016,56203654
13721,ZAF,2017,57000451
13722,ZAF,2018,57779622
13723,ZAF,2019,58558270
13725,SSD,1960,2842724
13726,SSD,1961,2895605
13727,SSD,1962,2951043
13728,SSD,1963,3009062
13729,SSD,1964,3069739
13730,SSD,1965,3133150
13731,SSD,1966,3199343
13732,SSD,1967,3268405
13733,SSD,1968,3340422
13734,SSD,1969,3415576
13735,SSD,1970,3494004
13736,SSD,1971,3575900
13737,SSD,1972,3661440
13738,SSD,1973,3750782
13739,SSD,1974,3844104
13740,SSD,1975,3941618
13741,SSD,1976,4041791
13742,SSD,1977,4144554
13743,SSD,1978,4253083
13744,SSD,1979,4371714
13745,SSD,1980,4502604
13746,SSD,1981,4646489
13747,SSD,1982,4799434
13748,SSD,1983,4953151
13749,SSD,1984,5096482
13750,SSD,1985,5220747
13751,SSD,1986,5328164
13752,SSD,1987,5419809
13753,SSD,1988,5485282
13754,SSD,1989,5511579
13755,SSD,1990,5492623
13756,SSD,1991,5420171
13757,SSD,1992,5305457
13758,SSD,1993,5185699
13759,SSD,1994,5111365
13760,SSD,1995,5118083
13761,SSD,1996,5221926
13762,SSD,1997,5411655
13763,SSD,1998,5661942
13764,SSD,1999,5933882
13765,SSD,2000,6199394
13766,SSD,2001,6447793
13767,SSD,2002,6688226
13768,SSD,2003,6935676
13769,SSD,2004,7213351
13770,SSD,2005,7535932
13771,SSD,2006,7907406
13772,SSD,2007,8315139
13773,SSD,2008,8736939
13774,SSD,2009,9142259
13775,SSD,2010,9508364
13776,SSD,2011,9830698
13777,SSD,2012,10113647
13778,SSD,2013,10355036
13779,SSD,2014,10554883
13780,SSD,2015,10715658
13781,SSD,2016,10832512
13782,SSD,2017,10910759
13783,SSD,2018,10975920
13784,SSD,2019,11062113
13786,ESP,1960,30455000
13787,ESP,1961,30739250
13788,ESP,1962,31023366
13789,ESP,1963,31296651
13790,ESP,1964,31609195
13791,ESP,1965,31954292
13792,ESP,1966,32283194
13793,ESP,1967,32682947
13794,ESP,1968,33113134
13795,ESP,1969,33441054
13796,ESP,1970,33814531
13797,ESP,1971,34224490
13798,ESP,1972,34604469
13799,ESP,1973,34988947
13800,ESP,1974,35373335
13801,ESP,1975,35757900
13802,ESP,1976,36137812
13803,ESP,1977,36511638
13804,ESP,1978,36864898
13805,ESP,1979,37191330
13806,ESP,1980,37491165
13807,ESP,1981,37758631
13808,ESP,1982,37986012
13809,ESP,1983,38171525
13810,ESP,1984,38330364
13811,ESP,1985,38469512
13812,ESP,1986,38584624
13813,ESP,1987,38684815
13814,ESP,1988,38766939
13815,ESP,1989,38827764
13816,ESP,1990,38867322
13817,ESP,1991,38966376
13818,ESP,1992,39157685
13819,ESP,1993,39361262
13820,ESP,1994,39549108
13821,ESP,1995,39724050
13822,ESP,1996,39889852
13823,ESP,1997,40057389
13824,ESP,1998,40223509
13825,ESP,1999,40386875
13826,ESP,2000,40567864
13827,ESP,2001,40850412
13828,ESP,2002,41431558
13829,ESP,2003,42187645
13830,ESP,2004,42921895
13831,ESP,2005,43653155
13832,ESP,2006,44397319
13833,ESP,2007,45226803
13834,ESP,2008,45954106
13835,ESP,2009,46362946
13836,ESP,2010,46576897
13837,ESP,2011,46742697
13838,ESP,2012,46773055
13839,ESP,2013,46620045
13840,ESP,2014,46480882
13841,ESP,2015,46444832
13842,ESP,2016,46484062
13843,ESP,2017,46593236
13844,ESP,2018,46797754
13845,ESP,2019,47076781
13847,LKA,1960,9874476
13848,LKA,1961,10111637
13849,LKA,1962,10352179
13850,LKA,1963,10597511
13851,LKA,1964,10849975
13852,LKA,1965,11110820
13853,LKA,1966,11380670
13854,LKA,1967,11657650
13855,LKA,1968,11937600
13856,LKA,1969,12214956
13857,LKA,1970,12485740
13858,LKA,1971,12747821
13859,LKA,1972,13002231
13860,LKA,1973,13252036
13861,LKA,1974,13501935
13862,LKA,1975,13755146
13863,LKA,1976,14012899
13864,LKA,1977,14273495
13865,LKA,1978,14533690
13866,LKA,1979,14788862
13867,LKA,1980,15035834
13868,LKA,1981,15272831
13869,LKA,1982,15501207
13870,LKA,1983,15724651
13871,LKA,1984,15948487
13872,LKA,1985,16176280
13873,LKA,1986,16408859
13874,LKA,1987,16643952
13875,LKA,1988,16878189
13876,LKA,1989,17106753
13877,LKA,1990,17325773
13878,LKA,1991,17535729
13879,LKA,1992,17736821
13880,LKA,1993,17924823
13881,LKA,1994,18094477
13882,LKA,1995,18242912
13883,LKA,1996,18367288
13884,LKA,1997,18470900
13885,LKA,1998,18564599
13886,LKA,1999,18663284
13887,LKA,2000,18777601
13888,LKA,2001,18911730
13889,LKA,2002,19062482
13890,LKA,2003,19224037
13891,LKA,2004,19387153
13892,LKA,2005,19544988
13893,LKA,2006,19695972
13894,LKA,2007,19842044
13895,LKA,2008,19983984
13896,LKA,2009,20123508
13897,LKA,2010,20261737
13898,LKA,2011,20398670
13899,LKA,2012,20425000
13900,LKA,2013,20585000
13901,LKA,2014,20778000
13902,LKA,2015,20970000
13903,LKA,2016,21203000
13904,LKA,2017,21444000
13905,LKA,2018,21670000
13906,LKA,2019,21803000
13908,KNA,1960,51195
13909,KNA,1961,51192
13910,KNA,1962,50963
13911,KNA,1963,50525
13912,KNA,1964,49931
13913,KNA,1965,49214
13914,KNA,1966,48358
13915,KNA,1967,47381
13916,KNA,1968,46397
13917,KNA,1969,45534
13918,KNA,1970,44883
13919,KNA,1971,44490
13920,KNA,1972,44320
13921,KNA,1973,44311
13922,KNA,1974,44328
13923,KNA,1975,44272
13924,KNA,1976,44143
13925,KNA,1977,43942
13926,KNA,1978,43708
13927,KNA,1979,43455
13928,KNA,1980,43205
13929,KNA,1981,42960
13930,KNA,1982,42728
13931,KNA,1983,42482
13932,KNA,1984,42199
13933,KNA,1985,41866
13934,KNA,1986,41479
13935,KNA,1987,41041
13936,KNA,1988,40641
13937,KNA,1989,40354
13938,KNA,1990,40259
13939,KNA,1991,40379
13940,KNA,1992,40697
13941,KNA,1993,41135
13942,KNA,1994,41617
13943,KNA,1995,42074
13944,KNA,1996,42475
13945,KNA,1997,42854
13946,KNA,1998,43221
13947,KNA,1999,43614
13948,KNA,2000,44074
13949,KNA,2001,44599
13950,KNA,2002,45165
13951,KNA,2003,45746
13952,KNA,2004,46324
13953,KNA,2005,46857
13954,KNA,2006,47339
13955,KNA,2007,47778
13956,KNA,2008,48185
13957,KNA,2009,48599
13958,KNA,2010,49016
13959,KNA,2011,49447
13960,KNA,2012,49887
13961,KNA,2013,50331
13962,KNA,2014,50774
13963,KNA,2015,51203
13964,KNA,2016,51625
13965,KNA,2017,52045
13966,KNA,2018,52441
13967,KNA,2019,52823
13969,LCA,1960,89697
13970,LCA,1961,90716
13971,LCA,1962,91891
13972,LCA,1963,93211
13973,LCA,1964,94636
13974,LCA,1965,96134
13975,LCA,1966,97715
13976,LCA,1967,99365
13977,LCA,1968,101035
13978,LCA,1969,102597
13979,LCA,1970,104015
13980,LCA,1971,105247
13981,LCA,1972,106310
13982,LCA,1973,107320
13983,LCA,1974,108391
13984,LCA,1975,109627
13985,LCA,1976,111067
13986,LCA,1977,112685
13987,LCA,1978,114400
13988,LCA,1979,116136
13989,LCA,1980,117822
13990,LCA,1981,119430
13991,LCA,1982,120988
13992,LCA,1983,122564
13993,LCA,1984,124292
13994,LCA,1985,126244
13995,LCA,1986,128449
13996,LCA,1987,130856
13997,LCA,1988,133367
13998,LCA,1989,135788
13999,LCA,1990,138020
14000,LCA,1991,139995
14001,LCA,1992,141760
14002,LCA,1993,143409
14003,LCA,1994,145083
14004,LCA,1995,146870
14005,LCA,1996,148834
14006,LCA,1997,150913
14007,LCA,1998,153021
14008,LCA,1999,154995
14009,LCA,2000,156729
14010,LCA,2001,158179
14011,LCA,2002,159392
14012,LCA,2003,160530
14013,LCA,2004,161816
14014,LCA,2005,163417
14015,LCA,2006,165381
14016,LCA,2007,167639
14017,LCA,2008,170011
14018,LCA,2009,172221
14019,LCA,2010,174085
14020,LCA,2011,175544
14021,LCA,2012,176646
14022,LCA,2013,177513
14023,LCA,2014,178296
14024,LCA,2015,179126
14025,LCA,2016,180024
14026,LCA,2017,180955
14027,LCA,2018,181889
14028,LCA,2019,182790
14030,MAF,1960,3893
14031,MAF,1961,3989
14032,MAF,1962,4076
14033,MAF,1963,4183
14034,MAF,1964,4308
14035,MAF,1965,4468
14036,MAF,1966,4685
14037,MAF,1967,4920
14038,MAF,1968,5193
14039,MAF,1969,5459
14040,MAF,1970,5712
14041,MAF,1971,5944
14042,MAF,1972,6156
14043,MAF,1973,6368
14044,MAF,1974,6607
14045,MAF,1975,6881
14046,MAF,1976,7246
14047,MAF,1977,7718
14048,MAF,1978,8190
14049,MAF,1979,8557
14050,MAF,1980,8771
14051,MAF,1981,8678
14052,MAF,1982,8369
14053,MAF,1983,8294
14054,MAF,1984,9061
14055,MAF,1985,11061
14056,MAF,1986,14559
14057,MAF,1987,19275
14058,MAF,1988,24378
14059,MAF,1989,28722
14060,MAF,1990,31520
14061,MAF,1991,32449
14062,MAF,1992,31811
14063,MAF,1993,30200
14064,MAF,1994,28484
14065,MAF,1995,27321
14066,MAF,1996,26849
14067,MAF,1997,26909
14068,MAF,1998,27392
14069,MAF,1999,28116
14070,MAF,2000,28935
14071,MAF,2001,29853
14072,MAF,2002,30910
14073,MAF,2003,32053
14074,MAF,2004,33186
14075,MAF,2005,34248
14076,MAF,2006,35237
14077,MAF,2007,36137
14078,MAF,2008,36885
14079,MAF,2009,37377
14080,MAF,2010,37582
14081,MAF,2011,37446
14082,MAF,2012,37009
14083,MAF,2013,36453
14084,MAF,2014,36015
14085,MAF,2015,35858
14086,MAF,2016,36065
14087,MAF,2017,36560
14088,MAF,2018,37264
14089,MAF,2019,38002
14091,VCT,1960,80977
14092,VCT,1961,82169
14093,VCT,1962,83237
14094,VCT,1963,84198
14095,VCT,1964,85111
14096,VCT,1965,86011
14097,VCT,1966,86903
14098,VCT,1967,87777
14099,VCT,1968,88662
14100,VCT,1969,89568
14101,VCT,1970,90509
14102,VCT,1971,91491
14103,VCT,1972,92513
14104,VCT,1973,93571
14105,VCT,1974,94614
14106,VCT,1975,95662
14107,VCT,1976,96692
14108,VCT,1977,97701
14109,VCT,1978,98697
14110,VCT,1979,99649
14111,VCT,1980,100566
14112,VCT,1981,101437
14113,VCT,1982,102256
14114,VCT,1983,103032
14115,VCT,1984,103779
14116,VCT,1985,104506
14117,VCT,1986,105217
14118,VCT,1987,105906
14119,VCT,1988,106532
14120,VCT,1989,107071
14121,VCT,1990,107484
14122,VCT,1991,107776
14123,VCT,1992,107950
14124,VCT,1993,108033
14125,VCT,1994,108053
14126,VCT,1995,108035
14127,VCT,1996,107976
14128,VCT,1997,107895
14129,VCT,1998,107801
14130,VCT,1999,107758
14131,VCT,2000,107784
14132,VCT,2001,107896
14133,VCT,2002,108097
14134,VCT,2003,108326
14135,VCT,2004,108512
14136,VCT,2005,108614
14137,VCT,2006,108603
14138,VCT,2007,108518
14139,VCT,2008,108393
14140,VCT,2009,108287
14141,VCT,2010,108255
14142,VCT,2011,108316
14143,VCT,2012,108435
14144,VCT,2013,108622
14145,VCT,2014,108861
14146,VCT,2015,109148
14147,VCT,2016,109459
14148,VCT,2017,109827
14149,VCT,2018,110210
14150,VCT,2019,110589
14152,SDN,1960,7544491
14153,SDN,1961,7769482
14154,SDN,1962,8004121
14155,SDN,1963,8248812
14156,SDN,1964,8503994
14157,SDN,1965,8770097
14158,SDN,1966,9047798
14159,SDN,1967,9337657
14160,SDN,1968,9639840
14161,SDN,1969,9954410
14162,SDN,1970,10281700
14163,SDN,1971,10621472
14164,SDN,1972,10974622
14165,SDN,1973,11343926
14166,SDN,1974,11732958
14167,SDN,1975,12144135
14168,SDN,1976,12578407
14169,SDN,1977,13034625
14170,SDN,1978,13510421
14171,SDN,1979,14002303
14172,SDN,1980,14507468
14173,SDN,1981,15027248
14174,SDN,1982,15562125
14175,SDN,1983,16107620
14176,SDN,1984,16657959
14177,SDN,1985,17210187
14178,SDN,1986,17757491
14179,SDN,1987,18303435
14180,SDN,1988,18867560
14181,SDN,1989,19476647
14182,SDN,1990,20147590
14183,SDN,1991,20891441
14184,SDN,1992,21696244
14185,SDN,1993,22527834
14186,SDN,1994,23338464
14187,SDN,1995,24094747
14188,SDN,1996,24782383
14189,SDN,1997,25413917
14190,SDN,1998,26015521
14191,SDN,1999,26626520
14192,SDN,2000,27275015
14193,SDN,2001,27971082
14194,SDN,2002,28704778
14195,SDN,2003,29460519
14196,SDN,2004,30214193
14197,SDN,2005,30949516
14198,SDN,2006,31661823
14199,SDN,2007,32360621
14200,SDN,2008,33060837
14201,SDN,2009,33783788
14202,SDN,2010,34545013
14203,SDN,2011,35349681
14204,SDN,2012,36193783
14205,SDN,2013,37072550
14206,SDN,2014,37977655
14207,SDN,2015,38902950
14208,SDN,2016,39847440
14209,SDN,2017,40813396
14210,SDN,2018,41801533
14211,SDN,2019,42813238
14213,SUR,1960,287871
14214,SUR,1961,295916
14215,SUR,1962,303895
14216,SUR,1963,311947
14217,SUR,1964,320270
14218,SUR,1965,328936
14219,SUR,1966,338158
14220,SUR,1967,347660
14221,SUR,1968,356550
14222,SUR,1969,363575
14223,SUR,1970,367931
14224,SUR,1971,369236
14225,SUR,1972,367907
14226,SUR,1973,364915
14227,SUR,1974,361667
14228,SUR,1975,359226
14229,SUR,1976,357953
14230,SUR,1977,357659
14231,SUR,1978,358099
14232,SUR,1979,358818
14233,SUR,1980,359519
14234,SUR,1981,360143
14235,SUR,1982,360920
14236,SUR,1983,362276
14237,SUR,1984,364733
14238,SUR,1985,368638
14239,SUR,1986,374140
14240,SUR,1987,381037
14241,SUR,1988,388881
14242,SUR,1989,397085
14243,SUR,1990,405168
14244,SUR,1991,413005
14245,SUR,1992,420655
14246,SUR,1993,428030
14247,SUR,1994,435105
14248,SUR,1995,441851
14249,SUR,1996,448213
14250,SUR,1997,454161
14251,SUR,1998,459831
14252,SUR,1999,465385
14253,SUR,2000,470949
14254,SUR,2001,476579
14255,SUR,2002,482235
14256,SUR,2003,487942
14257,SUR,2004,493679
14258,SUR,2005,499464
14259,SUR,2006,505295
14260,SUR,2007,511181
14261,SUR,2008,517123
14262,SUR,2009,523111
14263,SUR,2010,529131
14264,SUR,2011,535179
14265,SUR,2012,541245
14266,SUR,2013,547291
14267,SUR,2014,553273
14268,SUR,2015,559143
14269,SUR,2016,564888
14270,SUR,2017,570496
14271,SUR,2018,575991
14272,SUR,2019,581372
14274,SWE,1960,7484656
14275,SWE,1961,7519998
14276,SWE,1962,7561588
14277,SWE,1963,7604328
14278,SWE,1964,7661354
14279,SWE,1965,7733853
14280,SWE,1966,7807797
14281,SWE,1967,7867931
14282,SWE,1968,7912273
14283,SWE,1969,7968072
14284,SWE,1970,8042801
14285,SWE,1971,8098334
14286,SWE,1972,8122300
14287,SWE,1973,8136312
14288,SWE,1974,8159955
14289,SWE,1975,8192437
14290,SWE,1976,8222286
14291,SWE,1977,8251540
14292,SWE,1978,8275599
14293,SWE,1979,8293678
14294,SWE,1980,8310531
14295,SWE,1981,8320503
14296,SWE,1982,8325263
14297,SWE,1983,8329033
14298,SWE,1984,8336605
14299,SWE,1985,8350386
14300,SWE,1986,8369829
14301,SWE,1987,8397804
14302,SWE,1988,8436489
14303,SWE,1989,8492964
14304,SWE,1990,8558835
14305,SWE,1991,8617375
14306,SWE,1992,8668067
14307,SWE,1993,8718561
14308,SWE,1994,8780745
14309,SWE,1995,8826939
14310,SWE,1996,8840998
14311,SWE,1997,8846062
14312,SWE,1998,8850974
14313,SWE,1999,8857874
14314,SWE,2000,8872109
14315,SWE,2001,8895960
14316,SWE,2002,8924958
14317,SWE,2003,8958229
14318,SWE,2004,8993531
14319,SWE,2005,9029572
14320,SWE,2006,9080505
14321,SWE,2007,9148092
14322,SWE,2008,9219637
14323,SWE,2009,9298515
14324,SWE,2010,9378126
14325,SWE,2011,9449213
14326,SWE,2012,9519374
14327,SWE,2013,9600379
14328,SWE,2014,9696110
14329,SWE,2015,9799186
14330,SWE,2016,9923085
14331,SWE,2017,10057698
14332,SWE,2018,10175214
14333,SWE,2019,10285453
14335,CHE,1960,5327827
14336,CHE,1961,5434294
14337,CHE,1962,5573815
14338,CHE,1963,5694247
14339,CHE,1964,5789228
14340,CHE,1965,5856472
14341,CHE,1966,5918002
14342,CHE,1967,5991785
14343,CHE,1968,6067714
14344,CHE,1969,6136387
14345,CHE,1970,6180877
14346,CHE,1971,6213399
14347,CHE,1972,6260956
14348,CHE,1973,6307347
14349,CHE,1974,6341405
14350,CHE,1975,6338632
14351,CHE,1976,6302504
14352,CHE,1977,6281174
14353,CHE,1978,6281738
14354,CHE,1979,6294365
14355,CHE,1980,6319408
14356,CHE,1981,6354074
14357,CHE,1982,6391309
14358,CHE,1983,6418773
14359,CHE,1984,6441865
14360,CHE,1985,6470365
14361,CHE,1986,6504124
14362,CHE,1987,6545106
14363,CHE,1988,6593386
14364,CHE,1989,6646912
14365,CHE,1990,6715519
14366,CHE,1991,6799978
14367,CHE,1992,6875364
14368,CHE,1993,6938265
14369,CHE,1994,6993795
14370,CHE,1995,7040687
14371,CHE,1996,7071850
14372,CHE,1997,7088906
14373,CHE,1998,7110001
14374,CHE,1999,7143991
14375,CHE,2000,7184250
14376,CHE,2001,7229854
14377,CHE,2002,7284753
14378,CHE,2003,7339001
14379,CHE,2004,7389625
14380,CHE,2005,7437115
14381,CHE,2006,7483934
14382,CHE,2007,7551117
14383,CHE,2008,7647675
14384,CHE,2009,7743831
14385,CHE,2010,7824909
14386,CHE,2011,7912398
14387,CHE,2012,7996861
14388,CHE,2013,8089346
14389,CHE,2014,8188649
14390,CHE,2015,8282396
14391,CHE,2016,8373338
14392,CHE,2017,8451840
14393,CHE,2018,8514329
14394,CHE,2019,8574832
14396,SYR,1960,4573512
14397,SYR,1961,4721896
14398,SYR,1962,4875422
14399,SYR,1963,5034646
14400,SYR,1964,5200336
14401,SYR,1965,5373137
14402,SYR,1966,5553246
14403,SYR,1967,5740710
14404,SYR,1968,5935860
14405,SYR,1969,6139048
14406,SYR,1970,6350541
14407,SYR,1971,6570857
14408,SYR,1972,6800141
14409,SYR,1973,7037851
14410,SYR,1974,7283177
14411,SYR,1975,7535714
14412,SYR,1976,7794662
14413,SYR,1977,8060649
14414,SYR,1978,8336418
14415,SYR,1979,8625690
14416,SYR,1980,8930774
14417,SYR,1981,9252851
14418,SYR,1982,9590227
14419,SYR,1983,9938847
14420,SYR,1984,10293049
14421,SYR,1985,10648632
14422,SYR,1986,11004272
14423,SYR,1987,11360852
14424,SYR,1988,11719071
14425,SYR,1989,12080444
14426,SYR,1990,12446171
14427,SYR,1991,12815401
14428,SYR,1992,13187663
14429,SYR,1993,13565072
14430,SYR,1994,13950476
14431,SYR,1995,14345492
14432,SYR,1996,14754142
14433,SYR,1997,15175316
14434,SYR,1998,15599591
14435,SYR,1999,16013985
14436,SYR,2000,16410848
14437,SYR,2001,16766561
14438,SYR,2002,17084632
14439,SYR,2003,17415214
14440,SYR,2004,17827825
14441,SYR,2005,18361176
14442,SYR,2006,19059258
14443,SYR,2007,19878254
14444,SYR,2008,20664038
14445,SYR,2009,21205873
14446,SYR,2010,21362529
14447,SYR,2011,21082966
14448,SYR,2012,20442541
14449,SYR,2013,19584274
14450,SYR,2014,18715672
14451,SYR,2015,17997408
14452,SYR,2016,17453933
14453,SYR,2017,17068002
14454,SYR,2018,16906283
14455,SYR,2019,17070135
14457,TJK,1960,2087049
14458,TJK,1961,2159134
14459,TJK,1962,2236574
14460,TJK,1963,2318248
14461,TJK,1964,2402477
14462,TJK,1965,2487976
14463,TJK,1966,2574511
14464,TJK,1967,2662253
14465,TJK,1968,2750928
14466,TJK,1969,2840262
14467,TJK,1970,2930107
14468,TJK,1971,3020413
14469,TJK,1972,3111282
14470,TJK,1973,3203029
14471,TJK,1974,3296103
14472,TJK,1975,3390941
14473,TJK,1976,3487652
14474,TJK,1977,3586515
14475,TJK,1978,3688419
14476,TJK,1979,3794451
14477,TJK,1980,3905446
14478,TJK,1981,4020821
14479,TJK,1982,4140295
14480,TJK,1983,4265274
14481,TJK,1984,4397562
14482,TJK,1985,4537822
14483,TJK,1986,4687325
14484,TJK,1987,4844002
14485,TJK,1988,5001169
14486,TJK,1989,5149874
14487,TJK,1990,5283814
14488,TJK,1991,5400630
14489,TJK,1992,5502494
14490,TJK,1993,5593315
14491,TJK,1994,5679167
14492,TJK,1995,5764810
14493,TJK,1996,5851355
14494,TJK,1997,5938405
14495,TJK,1998,6027388
14496,TJK,1999,6119661
14497,TJK,2000,6216341
14498,TJK,2001,6318513
14499,TJK,2002,6426867
14500,TJK,2003,6541547
14501,TJK,2004,6662389
14502,TJK,2005,6789321
14503,TJK,2006,6922587
14504,TJK,2007,7062672
14505,TJK,2008,7209930
14506,TJK,2009,7364753
14507,TJK,2010,7527394
14508,TJK,2011,7697510
14509,TJK,2012,7874835
14510,TJK,2013,8059769
14511,TJK,2014,8252833
14512,TJK,2015,8454028
14513,TJK,2016,8663579
14514,TJK,2017,8880268
14515,TJK,2018,9100837
14516,TJK,2019,9321018
14518,TZA,1960,10052152
14519,TZA,1961,10346697
14520,TZA,1962,10651962
14521,TZA,1963,10968195
14522,TZA,1964,11295681
14523,TZA,1965,11634832
14524,TZA,1966,11985440
14525,TZA,1967,12348189
14526,TZA,1968,12725522
14527,TZA,1969,13120580
14528,TZA,1970,13535481
14529,TZA,1971,13971695
14530,TZA,1972,14428340
14531,TZA,1973,14902263
14532,TZA,1974,15388936
14533,TZA,1975,15885229
14534,TZA,1976,16390159
14535,TZA,1977,16905214
14536,TZA,1978,17432757
14537,TZA,1979,17976222
14538,TZA,1980,18538259
14539,TZA,1981,19120680
14540,TZA,1982,19723322
14541,TZA,1983,20344547
14542,TZA,1984,20981776
14543,TZA,1985,21633796
14544,TZA,1986,22296286
14545,TZA,1987,22971200
14546,TZA,1988,23670808
14547,TZA,1989,24411738
14548,TZA,1990,25203845
14549,TZA,1991,26056594
14550,TZA,1992,26961197
14551,TZA,1993,27887203
14552,TZA,1994,28792639
14553,TZA,1995,29649135
14554,TZA,1996,30444526
14555,TZA,1997,31192857
14556,TZA,1998,31924196
14557,TZA,1999,32682239
14558,TZA,2000,33499180
14559,TZA,2001,34385856
14560,TZA,2002,35334788
14561,TZA,2003,36337782
14562,TZA,2004,37379767
14563,TZA,2005,38450320
14564,TZA,2006,39548663
14565,TZA,2007,40681414
14566,TZA,2008,41853944
14567,TZA,2009,43073834
14568,TZA,2010,44346525
14569,TZA,2011,45673338
14570,TZA,2012,47052481
14571,TZA,2013,48482266
14572,TZA,2014,49959822
14573,TZA,2015,51482633
14574,TZA,2016,53050790
14575,TZA,2017,54663906
14576,TZA,2018,56318348
14577,TZA,2019,58005463
14579,THA,1960,27397207
14580,THA,1961,28224187
14581,THA,1962,29080938
14582,THA,1963,29966865
14583,THA,1964,30881138
14584,THA,1965,31822660
14585,THA,1966,32789130
14586,THA,1967,33778799
14587,THA,1968,34791409
14588,THA,1969,35827092
14589,THA,1970,36884536
14590,THA,1971,37963278
14591,THA,1972,39058603
14592,THA,1973,40159582
14593,THA,1974,41252324
14594,THA,1975,42326312
14595,THA,1976,43377271
14596,THA,1977,44405904
14597,THA,1978,45413080
14598,THA,1979,46401754
14599,THA,1980,47374472
14600,THA,1981,48326274
14601,THA,1982,49255900
14602,THA,1983,50173924
14603,THA,1984,51094868
14604,THA,1985,52026901
14605,THA,1986,52980094
14606,THA,1987,53945881
14607,THA,1988,54891520
14608,THA,1989,55772169
14609,THA,1990,56558186
14610,THA,1991,57232465
14611,THA,1992,57811021
14612,THA,1993,58337773
14613,THA,1994,58875269
14614,THA,1995,59467274
14615,THA,1996,60130186
14616,THA,1997,60846582
14617,THA,1998,61585103
14618,THA,1999,62298571
14619,THA,2000,62952642
14620,THA,2001,63539196
14621,THA,2002,64069087
14622,THA,2003,64549866
14623,THA,2004,64995299
14624,THA,2005,65416189
14625,THA,2006,65812536
14626,THA,2007,66182067
14627,THA,2008,66530984
14628,THA,2009,66866839
14629,THA,2010,67195028
14630,THA,2011,67518382
14631,THA,2012,67835957
14632,THA,2013,68144501
14633,THA,2014,68438730
14634,THA,2015,68714511
14635,THA,2016,68971331
14636,THA,2017,69209858
14637,THA,2018,69428524
14638,THA,2019,69625582
14640,TLS,1960,474532
14641,TLS,1961,482854
14642,TLS,1962,491571
14643,TLS,1963,500647
14644,TLS,1964,510034
14645,TLS,1965,519686
14646,TLS,1966,529327
14647,TLS,1967,538909
14648,TLS,1968,548825
14649,TLS,1969,559626
14650,TLS,1970,571565
14651,TLS,1971,585251
14652,TLS,1972,600192
14653,TLS,1973,614253
14654,TLS,1974,624555
14655,TLS,1975,629227
14656,TLS,1976,627251
14657,TLS,1977,619816
14658,TLS,1978,610054
14659,TLS,1979,602358
14660,TLS,1980,599905
14661,TLS,1981,603842
14662,TLS,1982,613238
14663,TLS,1983,626675
14664,TLS,1984,641844
14665,TLS,1985,657053
14666,TLS,1986,671752
14667,TLS,1987,686471
14668,TLS,1988,701809
14669,TLS,1989,718741
14670,TLS,1990,737814
14671,TLS,1991,759527
14672,TLS,1992,783198
14673,TLS,1993,806860
14674,TLS,1994,827825
14675,TLS,1995,844334
14676,TLS,1996,855362
14677,TLS,1997,861866
14678,TLS,1998,866530
14679,TLS,1999,873136
14680,TLS,2000,884366
14681,TLS,2001,901214
14682,TLS,2002,922694
14683,TLS,2003,947108
14684,TLS,2004,971893
14685,TLS,2005,995135
14686,TLS,2006,1016432
14687,TLS,2007,1036392
14688,TLS,2008,1055431
14689,TLS,2009,1074277
14690,TLS,2010,1093523
14691,TLS,2011,1113151
14692,TLS,2012,1132994
14693,TLS,2013,1153295
14694,TLS,2014,1174331
14695,TLS,2015,1196302
14696,TLS,2016,1219288
14697,TLS,2017,1243261
14698,TLS,2018,1267972
14699,TLS,2019,1293119
14701,TGO,1960,1580513
14702,TGO,1961,1597526
14703,TGO,1962,1612755
14704,TGO,1963,1631764
14705,TGO,1964,1662073
14706,TGO,1965,1708630
14707,TGO,1966,1774029
14708,TGO,1967,1855442
14709,TGO,1968,1945780
14710,TGO,1969,2034907
14711,TGO,1970,2115522
14712,TGO,1971,2185662
14713,TGO,1972,2247582
14714,TGO,1973,2303345
14715,TGO,1974,2356622
14716,TGO,1975,2410446
14717,TGO,1976,2464423
14718,TGO,1977,2518457
14719,TGO,1978,2576292
14720,TGO,1979,2642696
14721,TGO,1980,2720839
14722,TGO,1981,2812307
14723,TGO,1982,2915620
14724,TGO,1983,3026973
14725,TGO,1984,3140846
14726,TGO,1985,3252994
14727,TGO,1986,3363042
14728,TGO,1987,3471739
14729,TGO,1988,3577468
14730,TGO,1989,3678567
14731,TGO,1990,3774312
14732,TGO,1991,3862992
14733,TGO,1992,3945905
14734,TGO,1993,4029053
14735,TGO,1994,4120616
14736,TGO,1995,4226291
14737,TGO,1996,4348805
14738,TGO,1997,4485951
14739,TGO,1998,4632446
14740,TGO,1999,4780448
14741,TGO,2000,4924402
14742,TGO,2001,5062567
14743,TGO,2002,5197031
14744,TGO,2003,5330639
14745,TGO,2004,5467766
14746,TGO,2005,5611640
14747,TGO,2006,5762880
14748,TGO,2007,5920359
14749,TGO,2008,6083420
14750,TGO,2009,6250835
14751,TGO,2010,6421679
14752,TGO,2011,6595943
14753,TGO,2012,6773807
14754,TGO,2013,6954721
14755,TGO,2014,7137997
14756,TGO,2015,7323158
14757,TGO,2016,7509952
14758,TGO,2017,7698475
14759,TGO,2018,7889094
14760,TGO,2019,8082366
14762,TON,1960,61577
14763,TON,1961,63715
14764,TON,1962,66235
14765,TON,1963,68981
14766,TON,1964,71741
14767,TON,1965,74345
14768,TON,1966,76771
14769,TON,1967,79029
14770,TON,1968,81079
14771,TON,1969,82855
14772,TON,1970,84351
14773,TON,1971,85499
14774,TON,1972,86323
14775,TON,1973,86962
14776,TON,1974,87582
14777,TON,1975,88318
14778,TON,1976,89234
14779,TON,1977,90273
14780,TON,1978,91335
14781,TON,1979,92268
14782,TON,1980,92971
14783,TON,1981,93409
14784,TON,1982,93641
14785,TON,1983,93729
14786,TON,1984,93788
14787,TON,1985,93896
14788,TON,1986,94088
14789,TON,1987,94321
14790,TON,1988,94591
14791,TON,1989,94851
14792,TON,1990,95069
14793,TON,1991,95246
14794,TON,1992,95399
14795,TON,1993,95557
14796,TON,1994,95739
14797,TON,1995,95976
14798,TON,1996,96273
14799,TON,1997,96619
14800,TON,1998,97032
14801,TON,1999,97482
14802,TON,2000,97973
14803,TON,2001,98487
14804,TON,2002,99022
14805,TON,2003,99589
14806,TON,2004,100218
14807,TON,2005,100905
14808,TON,2006,101706
14809,TON,2007,102581
14810,TON,2008,103379
14811,TON,2009,103890
14812,TON,2010,103986
14813,TON,2011,103562
14814,TON,2012,102737
14815,TON,2013,101768
14816,TON,2014,101028
14817,TON,2015,100781
14818,TON,2016,101133
14819,TON,2017,101998
14820,TON,2018,103197
14821,TON,2019,104494
14823,TTO,1960,847979
14824,TTO,1961,864818
14825,TTO,1962,879441
14826,TTO,1963,891944
14827,TTO,1964,902613
14828,TTO,1965,911737
14829,TTO,1966,919217
14830,TTO,1967,925235
14831,TTO,1968,930795
14832,TTO,1969,937186
14833,TTO,1970,945360
14834,TTO,1971,955741
14835,TTO,1972,968136
14836,TTO,1973,982010
14837,TTO,1974,996493
14838,TTO,1975,1010936
14839,TTO,1976,1025107
14840,TTO,1977,1039212
14841,TTO,1978,1053558
14842,TTO,1979,1068640
14843,TTO,1980,1084744
14844,TTO,1981,1101983
14845,TTO,1982,1120020
14846,TTO,1983,1138071
14847,TTO,1984,1155074
14848,TTO,1985,1170285
14849,TTO,1986,1183381
14850,TTO,1987,1194541
14851,TTO,1988,1204153
14852,TTO,1989,1212857
14853,TTO,1990,1221116
14854,TTO,1991,1229103
14855,TTO,1992,1236683
14856,TTO,1993,1243616
14857,TTO,1994,1249520
14858,TTO,1995,1254200
14859,TTO,1996,1257549
14860,TTO,1997,1259848
14861,TTO,1998,1261695
14862,TTO,1999,1263933
14863,TTO,2000,1267153
14864,TTO,2001,1271632
14865,TTO,2002,1277213
14866,TTO,2003,1283559
14867,TTO,2004,1290123
14868,TTO,2005,1296502
14869,TTO,2006,1302561
14870,TTO,2007,1308451
14871,TTO,2008,1314443
14872,TTO,2009,1320930
14873,TTO,2010,1328147
14874,TTO,2011,1336178
14875,TTO,2012,1344817
14876,TTO,2013,1353700
14877,TTO,2014,1362342
14878,TTO,2015,1370328
14879,TTO,2016,1377564
14880,TTO,2017,1384072
14881,TTO,2018,1389858
14882,TTO,2019,1394973
14884,TUN,1960,4178236
14885,TUN,1961,4238142
14886,TUN,1962,4305481
14887,TUN,1963,4380068
14888,TUN,1964,4461114
14889,TUN,1965,4547941
14890,TUN,1966,4641000
14891,TUN,1967,4740511
14892,TUN,1968,4845219
14893,TUN,1969,4953390
14894,TUN,1970,5063809
14895,TUN,1971,5176295
14896,TUN,1972,5291338
14897,TUN,1973,5409343
14898,TUN,1974,5530975
14899,TUN,1975,5656914
14900,TUN,1976,5786478
14901,TUN,1977,5919965
14902,TUN,1978,6060151
14903,TUN,1979,6210756
14904,TUN,1980,6374039
14905,TUN,1981,6551231
14906,TUN,1982,6740529
14907,TUN,1983,6937331
14908,TUN,1984,7135270
14909,TUN,1985,7329594
14910,TUN,1986,7517858
14911,TUN,1987,7700736
14912,TUN,1988,7880332
14913,TUN,1989,8060210
14914,TUN,1990,8242496
14915,TUN,1991,8427857
14916,TUN,1992,8613861
14917,TUN,1993,8795932
14918,TUN,1994,8967916
14919,TUN,1995,9125398
14920,TUN,1996,9267340
14921,TUN,1997,9395123
14922,TUN,1998,9509857
14923,TUN,1999,9613588
14924,TUN,2000,9708350
14925,TUN,2001,9793903
14926,TUN,2002,9871251
14927,TUN,2003,9945277
14928,TUN,2004,10022277
14929,TUN,2005,10106771
14930,TUN,2006,10201214
14931,TUN,2007,10304726
14932,TUN,2008,10414433
14933,TUN,2009,10525694
14934,TUN,2010,10635244
14935,TUN,2011,10741880
14936,TUN,2012,10847002
14937,TUN,2013,10952951
14938,TUN,2014,11063201
14939,TUN,2015,11179949
14940,TUN,2016,11303946
14941,TUN,2017,11433443
14942,TUN,2018,11565204
14943,TUN,2019,11694719
14945,TUR,1960,27472345
14946,TUR,1961,28146910
14947,TUR,1962,28832827
14948,TUR,1963,29531365
14949,TUR,1964,30244261
14950,TUR,1965,30972994
14951,TUR,1966,31717507
14952,TUR,1967,32477992
14953,TUR,1968,33256464
14954,TUR,1969,34055390
14955,TUR,1970,34876303
14956,TUR,1971,35720599
14957,TUR,1972,36587261
14958,TUR,1973,37472336
14959,TUR,1974,38370283
14960,TUR,1975,39277258
14961,TUR,1976,40189567
14962,TUR,1977,41108297
14963,TUR,1978,42039992
14964,TUR,1979,42994041
14965,TUR,1980,43975971
14966,TUR,1981,44988414
14967,TUR,1982,46025411
14968,TUR,1983,47073472
14969,TUR,1984,48114155
14970,TUR,1985,49133937
14971,TUR,1986,50128541
14972,TUR,1987,51100924
14973,TUR,1988,52053765
14974,TUR,1989,52992487
14975,TUR,1990,53921760
14976,TUR,1991,54840590
14977,TUR,1992,55748948
14978,TUR,1993,56653804
14979,TUR,1994,57564204
14980,TUR,1995,58486456
14981,TUR,1996,59423282
14982,TUR,1997,60372568
14983,TUR,1998,61329676
14984,TUR,1999,62287397
14985,TUR,2000,63240194
14986,TUR,2001,64192243
14987,TUR,2002,65145367
14988,TUR,2003,66089402
14989,TUR,2004,67010930
14990,TUR,2005,67903469
14991,TUR,2006,68756810
14992,TUR,2007,69581848
14993,TUR,2008,70418604
14994,TUR,2009,71321399
14995,TUR,2010,72326988
14996,TUR,2011,73443863
14997,TUR,2012,74653016
14998,TUR,2013,75928564
14999,TUR,2014,77231907
15000,TUR,2015,78529409
15001,TUR,2016,79821724
15002,TUR,2017,81101892
15003,TUR,2018,82319724
15004,TUR,2019,83429615
15006,TKM,1960,1603258
15007,TKM,1961,1658362
15008,TKM,1962,1715408
15009,TKM,1963,1773853
15010,TKM,1964,1833064
15011,TKM,1965,1892599
15012,TKM,1966,1952141
15013,TKM,1967,2011764
15014,TKM,1968,2071790
15015,TKM,1969,2132802
15016,TKM,1970,2195175
15017,TKM,1971,2258965
15018,TKM,1972,2324015
15019,TKM,1973,2390216
15020,TKM,1974,2457384
15021,TKM,1975,2525364
15022,TKM,1976,2594313
15023,TKM,1977,2664258
15024,TKM,1978,2734895
15025,TKM,1979,2805819
15026,TKM,1980,2876808
15027,TKM,1981,2947779
15028,TKM,1982,3019066
15029,TKM,1983,3091513
15030,TKM,1984,3166221
15031,TKM,1985,3244018
15032,TKM,1986,3324458
15033,TKM,1987,3407321
15034,TKM,1988,3493895
15035,TKM,1989,3585868
15036,TKM,1990,3683967
15037,TKM,1991,3789185
15038,TKM,1992,3899843
15039,TKM,1993,4010789
15040,TKM,1994,4115102
15041,TKM,1995,4207841
15042,TKM,1996,4287346
15043,TKM,1997,4355116
15044,TKM,1998,4413479
15045,TKM,1999,4466135
15046,TKM,2000,4516133
15047,TKM,2001,4564083
15048,TKM,2002,4610005
15049,TKM,2003,4655743
15050,TKM,2004,4703401
15051,TKM,2005,4754646
15052,TKM,2006,4810109
15053,TKM,2007,4870141
15054,TKM,2008,4935767
15055,TKM,2009,5007954
15056,TKM,2010,5087213
15057,TKM,2011,5174085
15058,TKM,2012,5267900
15059,TKM,2013,5366375
15060,TKM,2014,5466328
15061,TKM,2015,5565287
15062,TKM,2016,5662372
15063,TKM,2017,5757669
15064,TKM,2018,5850908
15065,TKM,2019,5942089
15067,TCA,1960,5824
15068,TCA,1961,5874
15069,TCA,1962,5884
15070,TCA,1963,5870
15071,TCA,1964,5848
15072,TCA,1965,5823
15073,TCA,1966,5791
15074,TCA,1967,5764
15075,TCA,1968,5744
15076,TCA,1969,5773
15077,TCA,1970,5841
15078,TCA,1971,5971
15079,TCA,1972,6157
15080,TCA,1973,6381
15081,TCA,1974,6606
15082,TCA,1975,6827
15083,TCA,1976,7015
15084,TCA,1977,7198
15085,TCA,1978,7385
15086,TCA,1979,7613
15087,TCA,1980,7888
15088,TCA,1981,8235
15089,TCA,1982,8654
15090,TCA,1983,9104
15091,TCA,1984,9556
15092,TCA,1985,9970
15093,TCA,1986,10357
15094,TCA,1987,10724
15095,TCA,1988,11093
15096,TCA,1989,11548
15097,TCA,1990,12111
15098,TCA,1991,12811
15099,TCA,1992,13632
15100,TCA,1993,14526
15101,TCA,1994,15407
15102,TCA,1995,16216
15103,TCA,1996,16926
15104,TCA,1997,17567
15105,TCA,1998,18232
15106,TCA,1999,19065
15107,TCA,2000,20164
15108,TCA,2001,21573
15109,TCA,2002,23232
15110,TCA,2003,25011
15111,TCA,2004,26700
15112,TCA,2005,28180
15113,TCA,2006,29391
15114,TCA,2007,30385
15115,TCA,2008,31202
15116,TCA,2009,31934
15117,TCA,2010,32660
15118,TCA,2011,33377
15119,TCA,2012,34066
15120,TCA,2013,34731
15121,TCA,2014,35369
15122,TCA,2015,35981
15123,TCA,2016,36559
15124,TCA,2017,37115
15125,TCA,2018,37665
15126,TCA,2019,38191
15128,TUV,1960,5323
15129,TUV,1961,5335
15130,TUV,1962,5340
15131,TUV,1963,5343
15132,TUV,1964,5356
15133,TUV,1965,5386
15134,TUV,1966,5438
15135,TUV,1967,5511
15136,TUV,1968,5597
15137,TUV,1969,5670
15138,TUV,1970,5735
15139,TUV,1971,5766
15140,TUV,1972,5790
15141,TUV,1973,5822
15142,TUV,1974,5905
15143,TUV,1975,6060
15144,TUV,1976,6323
15145,TUV,1977,6650
15146,TUV,1978,7014
15147,TUV,1979,7358
15148,TUV,1980,7637
15149,TUV,1981,7827
15150,TUV,1982,7956
15151,TUV,1983,8041
15152,TUV,1984,8115
15153,TUV,1985,8219
15154,TUV,1986,8336
15155,TUV,1987,8485
15156,TUV,1988,8637
15157,TUV,1989,8779
15158,TUV,1990,8913
15159,TUV,1991,9026
15160,TUV,1992,9112
15161,TUV,1993,9194
15162,TUV,1994,9252
15163,TUV,1995,9298
15164,TUV,1996,9323
15165,TUV,1997,9323
15166,TUV,1998,9332
15167,TUV,1999,9346
15168,TUV,2000,9394
15169,TUV,2001,9484
15170,TUV,2002,9596
15171,TUV,2003,9726
15172,TUV,2004,9869
15173,TUV,2005,10000
15174,TUV,2006,10120
15175,TUV,2007,10221
15176,TUV,2008,10314
15177,TUV,2009,10424
15178,TUV,2010,10530
15179,TUV,2011,10633
15180,TUV,2012,10739
15181,TUV,2013,10857
15182,TUV,2014,10972
15183,TUV,2015,11099
15184,TUV,2016,11225
15185,TUV,2017,11370
15186,TUV,2018,11508
15187,TUV,2019,11646
15189,UGA,1960,6767095
15190,UGA,1961,6983818
15191,UGA,1962,7215796
15192,UGA,1963,7461634
15193,UGA,1964,7719104
15194,UGA,1965,7986066
15195,UGA,1966,8263439
15196,UGA,1967,8550443
15197,UGA,1968,8841153
15198,UGA,1969,9127857
15199,UGA,1970,9405600
15200,UGA,1971,9671860
15201,UGA,1972,9929636
15202,UGA,1973,10186455
15203,UGA,1974,10453037
15204,UGA,1975,10737403
15205,UGA,1976,11042974
15206,UGA,1977,11368615
15207,UGA,1978,11712530
15208,UGA,1979,12071145
15209,UGA,1980,12442334
15210,UGA,1981,12825082
15211,UGA,1982,13221991
15212,UGA,1983,13638729
15213,UGA,1984,14082875
15214,UGA,1985,14559355
15215,UGA,1986,15070302
15216,UGA,1987,15612754
15217,UGA,1988,16180124
15218,UGA,1989,16763042
15219,UGA,1990,17354392
15220,UGA,1991,17953531
15221,UGA,1992,18561674
15222,UGA,1993,19175988
15223,UGA,1994,19793541
15224,UGA,1995,20413152
15225,UGA,1996,21032821
15226,UGA,1997,21655398
15227,UGA,1998,22290780
15228,UGA,1999,22952410
15229,UGA,2000,23650172
15230,UGA,2001,24388968
15231,UGA,2002,25167257
15232,UGA,2003,25980552
15233,UGA,2004,26821297
15234,UGA,2005,27684585
15235,UGA,2006,28571475
15236,UGA,2007,29486338
15237,UGA,2008,30431736
15238,UGA,2009,31411096
15239,UGA,2010,32428167
15240,UGA,2011,33476919
15241,UGA,2012,34559168
15242,UGA,2013,35695246
15243,UGA,2014,36912148
15244,UGA,2015,38225453
15245,UGA,2016,39647506
15246,UGA,2017,41162465
15247,UGA,2018,42723139
15248,UGA,2019,44269594
15250,UKR,1960,42664652
15251,UKR,1961,43206345
15252,UKR,1962,43752230
15253,UKR,1963,44288608
15254,UKR,1964,44796964
15255,UKR,1965,45264548
15256,UKR,1966,45684979
15257,UKR,1967,46063228
15258,UKR,1968,46411810
15259,UKR,1969,46749283
15260,UKR,1970,47088857
15261,UKR,1971,47435010
15262,UKR,1972,47783005
15263,UKR,1973,48125842
15264,UKR,1974,48452626
15265,UKR,1975,48755665
15266,UKR,1976,49032729
15267,UKR,1977,49287127
15268,UKR,1978,49523314
15269,UKR,1979,49747989
15270,UKR,1980,49965874
15271,UKR,1981,50221000
15272,UKR,1982,50384000
15273,UKR,1983,50564000
15274,UKR,1984,50754000
15275,UKR,1985,50917000
15276,UKR,1986,51097000
15277,UKR,1987,51293000
15278,UKR,1988,51521000
15279,UKR,1989,51773000
15280,UKR,1990,51891400
15281,UKR,1991,52000500
15282,UKR,1992,52150400
15283,UKR,1993,52179200
15284,UKR,1994,51921400
15285,UKR,1995,51512800
15286,UKR,1996,51057800
15287,UKR,1997,50594600
15288,UKR,1998,50144500
15289,UKR,1999,49674000
15290,UKR,2000,49176500
15291,UKR,2001,48662400
15292,UKR,2002,48202470
15293,UKR,2003,47812949
15294,UKR,2004,47451626
15295,UKR,2005,47105171
15296,UKR,2006,46787786
15297,UKR,2007,46509355
15298,UKR,2008,46258189
15299,UKR,2009,46053331
15300,UKR,2010,45870741
15301,UKR,2011,45706086
15302,UKR,2012,45593342
15303,UKR,2013,45489648
15304,UKR,2014,45272156
15305,UKR,2015,45154036
15306,UKR,2016,45004674
15307,UKR,2017,44831135
15308,UKR,2018,44622518
15309,UKR,2019,44385155
15311,ARE,1960,92418
15312,ARE,1961,100796
15313,ARE,1962,112118
15314,ARE,1963,125130
15315,ARE,1964,138039
15316,ARE,1965,149857
15317,ARE,1966,159976
15318,ARE,1967,169771
15319,ARE,1968,182627
15320,ARE,1969,203106
15321,ARE,1970,234514
15322,ARE,1971,277471
15323,ARE,1972,330974
15324,ARE,1973,394624
15325,ARE,1974,467451
15326,ARE,1975,548301
15327,ARE,1976,637922
15328,ARE,1977,735344
15329,ARE,1978,835508
15330,ARE,1979,931749
15331,ARE,1980,1019509
15332,ARE,1981,1096610
15333,ARE,1982,1164806
15334,ARE,1983,1228459
15335,ARE,1984,1293971
15336,ARE,1985,1366164
15337,ARE,1986,1446380
15338,ARE,1987,1533536
15339,ARE,1988,1627066
15340,ARE,1989,1725681
15341,ARE,1990,1828432
15342,ARE,1991,1937153
15343,ARE,1992,2052891
15344,ARE,1993,2173139
15345,ARE,1994,2294385
15346,ARE,1995,2415090
15347,ARE,1996,2539126
15348,ARE,1997,2671362
15349,ARE,1998,2813214
15350,ARE,1999,2966034
15351,ARE,2000,3134062
15352,ARE,2001,3302719
15353,ARE,2002,3478777
15354,ARE,2003,3711932
15355,ARE,2004,4068570
15356,ARE,2005,4588225
15357,ARE,2006,5300174
15358,ARE,2007,6168838
15359,ARE,2008,7089487
15360,ARE,2009,7917372
15361,ARE,2010,8549988
15362,ARE,2011,8946777
15363,ARE,2012,9141596
15364,ARE,2013,9197910
15365,ARE,2014,9214175
15366,ARE,2015,9262900
15367,ARE,2016,9360980
15368,ARE,2017,9487203
15369,ARE,2018,9630959
15370,ARE,2019,9770529
15372,GBR,1960,52400000
15373,GBR,1961,52800000
15374,GBR,1962,53250000
15375,GBR,1963,53650000
15376,GBR,1964,54000000
15377,GBR,1965,54348050
15378,GBR,1966,54648500
15379,GBR,1967,54943600
15380,GBR,1968,55211700
15381,GBR,1969,55441750
15382,GBR,1970,55663250
15383,GBR,1971,55896223
15384,GBR,1972,56086065
15385,GBR,1973,56194527
15386,GBR,1974,56229974
15387,GBR,1975,56225800
15388,GBR,1976,56211968
15389,GBR,1977,56193492
15390,GBR,1978,56196504
15391,GBR,1979,56246951
15392,GBR,1980,56314216
15393,GBR,1981,56333829
15394,GBR,1982,56313641
15395,GBR,1983,56332848
15396,GBR,1984,56422072
15397,GBR,1985,56550268
15398,GBR,1986,56681396
15399,GBR,1987,56802050
15400,GBR,1988,56928327
15401,GBR,1989,57076711
15402,GBR,1990,57247586
15403,GBR,1991,57424897
15404,GBR,1992,57580402
15405,GBR,1993,57718614
15406,GBR,1994,57865745
15407,GBR,1995,58019030
15408,GBR,1996,58166950
15409,GBR,1997,58316954
15410,GBR,1998,58487141
15411,GBR,1999,58682466
15412,GBR,2000,58892514
15413,GBR,2001,59119673
15414,GBR,2002,59370479
15415,GBR,2003,59647577
15416,GBR,2004,59987905
15417,GBR,2005,60401206
15418,GBR,2006,60846820
15419,GBR,2007,61322463
15420,GBR,2008,61806995
15421,GBR,2009,62276270
15422,GBR,2010,62766365
15423,GBR,2011,63258810
15424,GBR,2012,63700215
15425,GBR,2013,64128273
15426,GBR,2014,64602298
15427,GBR,2015,65116219
15428,GBR,2016,65611593
15429,GBR,2017,66058859
15430,GBR,2018,66460344
15431,GBR,2019,66834405
15433,USA,1960,180671000
15434,USA,1961,183691000
15435,USA,1962,186538000
15436,USA,1963,189242000
15437,USA,1964,191889000
15438,USA,1965,194303000
15439,USA,1966,196560000
15440,USA,1967,198712000
15441,USA,1968,200706000
15442,USA,1969,202677000
15443,USA,1970,205052000
15444,USA,1971,207661000
15445,USA,1972,209896000
15446,USA,1973,211909000
15447,USA,1974,213854000
15448,USA,1975,215973000
15449,USA,1976,218035000
15450,USA,1977,220239000
15451,USA,1978,222585000
15452,USA,1979,225055000
15453,USA,1980,227225000
15454,USA,1981,229466000
15455,USA,1982,231664000
15456,USA,1983,233792000
15457,USA,1984,235825000
15458,USA,1985,237924000
15459,USA,1986,240133000
15460,USA,1987,242289000
15461,USA,1988,244499000
15462,USA,1989,246819000
15463,USA,1990,249623000
15464,USA,1991,252981000
15465,USA,1992,256514000
15466,USA,1993,259919000
15467,USA,1994,263126000
15468,USA,1995,266278000
15469,USA,1996,269394000
15470,USA,1997,272657000
15471,USA,1998,275854000
15472,USA,1999,279040000
15473,USA,2000,282162411
15474,USA,2001,284968955
15475,USA,2002,287625193
15476,USA,2003,290107933
15477,USA,2004,292805298
15478,USA,2005,295516599
15479,USA,2006,298379912
15480,USA,2007,301231207
15481,USA,2008,304093966
15482,USA,2009,306771529
15483,USA,2010,309321666
15484,USA,2011,311556874
15485,USA,2012,313830990
15486,USA,2013,315993715
15487,USA,2014,318301008
15488,USA,2015,320635163
15489,USA,2016,322941311
15490,USA,2017,324985539
15491,USA,2018,326687501
15492,USA,2019,328239523
15494,URY,1960,2538643
15495,URY,1961,2571681
15496,URY,1962,2603882
15497,URY,1963,2635126
15498,URY,1964,2665388
15499,URY,1965,2694536
15500,URY,1966,2722875
15501,URY,1967,2750086
15502,URY,1968,2774759
15503,URY,1969,2795042
15504,URY,1970,2809793
15505,URY,1971,2818281
15506,URY,1972,2821461
15507,URY,1973,2822117
15508,URY,1974,2824095
15509,URY,1975,2830176
15510,URY,1976,2841372
15511,URY,1977,2856958
15512,URY,1978,2875728
15513,URY,1979,2895688
15514,URY,1980,2915389
15515,URY,1981,2934613
15516,URY,1982,2953852
15517,URY,1983,2973036
15518,URY,1984,2992246
15519,URY,1985,3011519
15520,URY,1986,3030649
15521,URY,1987,3049581
15522,URY,1988,3068705
15523,URY,1989,3088595
15524,URY,1990,3109601
15525,URY,1991,3131660
15526,URY,1992,3154464
15527,URY,1993,3177745
15528,URY,1994,3201151
15529,URY,1995,3224281
15530,URY,1996,3247381
15531,URY,1997,3270164
15532,URY,1998,3291053
15533,URY,1999,3308012
15534,URY,2000,3319736
15535,URY,2001,3325473
15536,URY,2002,3326040
15537,URY,2003,3323668
15538,URY,2004,3321476
15539,URY,2005,3321803
15540,URY,2006,3325401
15541,URY,2007,3331749
15542,URY,2008,3340221
15543,URY,2009,3349676
15544,URY,2010,3359275
15545,URY,2011,3368934
15546,URY,2012,3378974
15547,URY,2013,3389439
15548,URY,2014,3400434
15549,URY,2015,3412009
15550,URY,2016,3424132
15551,URY,2017,3436646
15552,URY,2018,3449299
15553,URY,2019,3461734
15555,UZB,1960,8526300
15556,UZB,1961,8813616
15557,UZB,1962,9113620
15558,UZB,1963,9428906
15559,UZB,1964,9762816
15560,UZB,1965,10116870
15561,UZB,1966,10493436
15562,UZB,1967,10889509
15563,UZB,1968,11294672
15564,UZB,1969,11694847
15565,UZB,1970,12080317
15566,UZB,1971,12446443
15567,UZB,1972,12796980
15568,UZB,1973,13140797
15569,UZB,1974,13491117
15570,UZB,1975,13857478
15571,UZB,1976,14242769
15572,UZB,1977,14643875
15573,UZB,1978,15057224
15574,UZB,1979,15476922
15575,UZB,1980,15898757
15576,UZB,1981,16321696
15577,UZB,1982,16747426
15578,UZB,1983,17177664
15579,UZB,1984,17615040
15580,UZB,1985,18061284
15581,UZB,1986,18515578
15582,UZB,1987,18976417
15583,UZB,1988,19443887
15584,UZB,1989,19918119
15585,UZB,1990,20510000
15586,UZB,1991,20952000
15587,UZB,1992,21449000
15588,UZB,1993,21942000
15589,UZB,1994,22377000
15590,UZB,1995,22785000
15591,UZB,1996,23225000
15592,UZB,1997,23667000
15593,UZB,1998,24051000
15594,UZB,1999,24311650
15595,UZB,2000,24650400
15596,UZB,2001,24964450
15597,UZB,2002,25271850
15598,UZB,2003,25567650
15599,UZB,2004,25864350
15600,UZB,2005,26167000
15601,UZB,2006,26488250
15602,UZB,2007,26868000
15603,UZB,2008,27302800
15604,UZB,2009,27767400
15605,UZB,2010,28562400
15606,UZB,2011,29339400
15607,UZB,2012,29774500
15608,UZB,2013,30243200
15609,UZB,2014,30757700
15610,UZB,2015,31298900
15611,UZB,2016,31847900
15612,UZB,2017,32388600
15613,UZB,2018,32956100
15614,UZB,2019,33580650
15616,VUT,1960,63689
15617,VUT,1961,65705
15618,VUT,1962,67794
15619,VUT,1963,69946
15620,VUT,1964,72115
15621,VUT,1965,74270
15622,VUT,1966,76395
15623,VUT,1967,78499
15624,VUT,1968,80657
15625,VUT,1969,82927
15626,VUT,1970,85377
15627,VUT,1971,88010
15628,VUT,1972,90809
15629,VUT,1973,93747
15630,VUT,1974,96774
15631,VUT,1975,99859
15632,VUT,1976,103006
15633,VUT,1977,106200
15634,VUT,1978,109405
15635,VUT,1979,112549
15636,VUT,1980,115597
15637,VUT,1981,118541
15638,VUT,1982,121395
15639,VUT,1983,124209
15640,VUT,1984,127049
15641,VUT,1985,129984
15642,VUT,1986,132995
15643,VUT,1987,136079
15644,VUT,1988,139315
15645,VUT,1989,142794
15646,VUT,1990,146573
15647,VUT,1991,150716
15648,VUT,1992,155170
15649,VUT,1993,159744
15650,VUT,1994,164129
15651,VUT,1995,168158
15652,VUT,1996,171722
15653,VUT,1997,174921
15654,VUT,1998,177987
15655,VUT,1999,181265
15656,VUT,2000,184972
15657,VUT,2001,189219
15658,VUT,2002,193920
15659,VUT,2003,198959
15660,VUT,2004,204127
15661,VUT,2005,209282
15662,VUT,2006,214370
15663,VUT,2007,219472
15664,VUT,2008,224704
15665,VUT,2009,230247
15666,VUT,2010,236211
15667,VUT,2011,242653
15668,VUT,2012,249499
15669,VUT,2013,256635
15670,VUT,2014,263888
15671,VUT,2015,271130
15672,VUT,2016,278330
15673,VUT,2017,285510
15674,VUT,2018,292680
15675,VUT,2019,299882
15677,VEN,1960,8141841
15678,VEN,1961,8439261
15679,VEN,1962,8742777
15680,VEN,1963,9052635
15681,VEN,1964,9369096
15682,VEN,1965,9692278
15683,VEN,1966,10022592
15684,VEN,1967,10359745
15685,VEN,1968,10702291
15686,VEN,1969,11048262
15687,VEN,1970,11396393
15688,VEN,1971,11745945
15689,VEN,1972,12097694
15690,VEN,1973,12453718
15691,VEN,1974,12816955
15692,VEN,1975,13189509
15693,VEN,1976,13572208
15694,VEN,1977,13964379
15695,VEN,1978,14364727
15696,VEN,1979,14771271
15697,VEN,1980,15182611
15698,VEN,1981,15597886
15699,VEN,1982,16017573
15700,VEN,1983,16443134
15701,VEN,1984,16876703
15702,VEN,1985,17319520
15703,VEN,1986,17772001
15704,VEN,1987,18232730
15705,VEN,1988,18698847
15706,VEN,1989,19166471
15707,VEN,1990,19632665
15708,VEN,1991,20096317
15709,VEN,1992,20557683
15710,VEN,1993,21016901
15711,VEN,1994,21474549
15712,VEN,1995,21931084
15713,VEN,1996,22385650
15714,VEN,1997,22837743
15715,VEN,1998,23288564
15716,VEN,1999,23739841
15717,VEN,2000,24192446
15718,VEN,2001,24646472
15719,VEN,2002,25100408
15720,VEN,2003,25551624
15721,VEN,2004,25996594
15722,VEN,2005,26432447
15723,VEN,2006,26850194
15724,VEN,2007,27247610
15725,VEN,2008,27635832
15726,VEN,2009,28031009
15727,VEN,2010,28439940
15728,VEN,2011,28888369
15729,VEN,2012,29362449
15730,VEN,2013,29783571
15731,VEN,2014,30045134
15732,VEN,2015,30081829
15733,VEN,2016,29846179
15734,VEN,2017,29390409
15735,VEN,2018,28870195
15736,VEN,2019,28515829
15738,VNM,1960,32670039
15739,VNM,1961,33666110
15740,VNM,1962,34683407
15741,VNM,1963,35721217
15742,VNM,1964,36779999
15743,VNM,1965,37858951
15744,VNM,1966,38958048
15745,VNM,1967,40072948
15746,VNM,1968,41193601
15747,VNM,1969,42307146
15748,VNM,1970,43404793
15749,VNM,1971,44484035
15750,VNM,1972,45548479
15751,VNM,1973,46603525
15752,VNM,1974,47657561
15753,VNM,1975,48718189
15754,VNM,1976,49785282
15755,VNM,1977,50861162
15756,VNM,1978,51959015
15757,VNM,1979,53095408
15758,VNM,1980,54281846
15759,VNM,1981,55522803
15760,VNM,1982,56814306
15761,VNM,1983,58148384
15762,VNM,1984,59512619
15763,VNM,1985,60896721
15764,VNM,1986,62293856
15765,VNM,1987,63701972
15766,VNM,1988,65120439
15767,VNM,1989,66550234
15768,VNM,1990,67988862
15769,VNM,1991,69436954
15770,VNM,1992,70883481
15771,VNM,1993,72300308
15772,VNM,1994,73651218
15773,VNM,1995,74910461
15774,VNM,1996,76068743
15775,VNM,1997,77133214
15776,VNM,1998,78115710
15777,VNM,1999,79035871
15778,VNM,2000,79910412
15779,VNM,2001,80742499
15780,VNM,2002,81534407
15781,VNM,2003,82301656
15782,VNM,2004,83062821
15783,VNM,2005,83832661
15784,VNM,2006,84617540
15785,VNM,2007,85419591
15786,VNM,2008,86243413
15787,VNM,2009,87092252
15788,VNM,2010,87967651
15789,VNM,2011,88871561
15790,VNM,2012,89802487
15791,VNM,2013,90753472
15792,VNM,2014,91714595
15793,VNM,2015,92677076
15794,VNM,2016,93638724
15795,VNM,2017,94596642
15796,VNM,2018,95540395
15797,VNM,2019,96462106
15799,VIR,1960,32500
15800,VIR,1961,34300
15801,VIR,1962,35000
15802,VIR,1963,39800
15803,VIR,1964,40800
15804,VIR,1965,43500
15805,VIR,1966,46200
15806,VIR,1967,49100
15807,VIR,1968,55700
15808,VIR,1969,60300
15809,VIR,1970,63476
15810,VIR,1971,70937
15811,VIR,1972,76319
15812,VIR,1973,84121
15813,VIR,1974,89941
15814,VIR,1975,94484
15815,VIR,1976,96166
15816,VIR,1977,93203
15817,VIR,1978,95929
15818,VIR,1979,96183
15819,VIR,1980,99636
15820,VIR,1981,99853
15821,VIR,1982,100068
15822,VIR,1983,100348
15823,VIR,1984,100600
15824,VIR,1985,100760
15825,VIR,1986,100842
15826,VIR,1987,100901
15827,VIR,1988,100952
15828,VIR,1989,101041
15829,VIR,1990,103963
15830,VIR,1991,104807
15831,VIR,1992,105712
15832,VIR,1993,106578
15833,VIR,1994,107318
15834,VIR,1995,107818
15835,VIR,1996,108095
15836,VIR,1997,108357
15837,VIR,1998,108537
15838,VIR,1999,108599
15839,VIR,2000,108642
15840,VIR,2001,108549
15841,VIR,2002,108510
15842,VIR,2003,108506
15843,VIR,2004,108467
15844,VIR,2005,108454
15845,VIR,2006,108371
15846,VIR,2007,108339
15847,VIR,2008,108399
15848,VIR,2009,108405
15849,VIR,2010,108358
15850,VIR,2011,108292
15851,VIR,2012,108191
15852,VIR,2013,108044
15853,VIR,2014,107884
15854,VIR,2015,107710
15855,VIR,2016,107510
15856,VIR,2017,107268
15857,VIR,2018,106977
15858,VIR,2019,106631
15890,PSE,1990,1978248
15891,PSE,1991,2068845
15892,PSE,1992,2163591
15893,PSE,1993,2262676
15894,PSE,1994,2366298
15895,PSE,1995,2474666
15896,PSE,1996,2587997
15897,PSE,1997,2706518
15898,PSE,1998,2776568
15899,PSE,1999,2848431
15900,PSE,2000,2922153
15901,PSE,2001,2997784
15902,PSE,2002,3075373
15903,PSE,2003,3154969
15904,PSE,2004,3236626
15905,PSE,2005,3320396
15906,PSE,2006,3406334
15907,PSE,2007,3494496
15908,PSE,2008,3591977
15909,PSE,2009,3689099
15910,PSE,2010,3786161
15911,PSE,2011,3882986
15912,PSE,2012,3979998
15913,PSE,2013,4076708
15914,PSE,2014,4173398
15915,PSE,2015,4270092
15916,PSE,2016,4367088
15917,PSE,2017,4454805
15918,PSE,2018,4569087
15919,PSE,2019,4685306
15921,YEM,1960,5315355
15922,YEM,1961,5393036
15923,YEM,1962,5473671
15924,YEM,1963,5556766
15925,YEM,1964,5641597
15926,YEM,1965,5727751
15927,YEM,1966,5816247
15928,YEM,1967,5907874
15929,YEM,1968,6001852
15930,YEM,1969,6097035
15931,YEM,1970,6193384
15932,YEM,1971,6290365
15933,YEM,1972,6390574
15934,YEM,1973,6500816
15935,YEM,1974,6629999
15936,YEM,1975,6784695
15937,YEM,1976,6967941
15938,YEM,1977,7178675
15939,YEM,1978,7414158
15940,YEM,1979,7669694
15941,YEM,1980,7941898
15942,YEM,1981,8231910
15943,YEM,1982,8541605
15944,YEM,1983,8869370
15945,YEM,1984,9213084
15946,YEM,1985,9572175
15947,YEM,1986,9941109
15948,YEM,1987,10322043
15949,YEM,1988,10730862
15950,YEM,1989,11189177
15951,YEM,1990,11709993
15952,YEM,1991,12302124
15953,YEM,1992,12954155
15954,YEM,1993,13634076
15955,YEM,1994,14297613
15956,YEM,1995,14913315
15957,YEM,1996,15469274
15958,YEM,1997,15975668
15959,YEM,1998,16450310
15960,YEM,1999,16921149
15961,YEM,2000,17409072
15962,YEM,2001,17918373
15963,YEM,2002,18443691
15964,YEM,2003,18985000
15965,YEM,2004,19540098
15966,YEM,2005,20107409
15967,YEM,2006,20687646
15968,YEM,2007,21282515
15969,YEM,2008,21892146
15970,YEM,2009,22516460
15971,YEM,2010,23154855
15972,YEM,2011,23807588
15973,YEM,2012,24473178
15974,YEM,2013,25147109
15975,YEM,2014,25823485
15976,YEM,2015,26497889
15977,YEM,2016,27168210
15978,YEM,2017,27834821
15979,YEM,2018,28498687
15980,YEM,2019,29161922
15982,ZMB,1960,3070776
15983,ZMB,1961,3164329
15984,ZMB,1962,3260650
15985,ZMB,1963,3360104
15986,ZMB,1964,3463213
15987,ZMB,1965,3570464
15988,ZMB,1966,3681955
15989,ZMB,1967,3797873
15990,ZMB,1968,3918872
15991,ZMB,1969,4045740
15992,ZMB,1970,4179067
15993,ZMB,1971,4319224
15994,ZMB,1972,4466174
15995,ZMB,1973,4619546
15996,ZMB,1974,4778724
15997,ZMB,1975,4943283
15998,ZMB,1976,5112823
15999,ZMB,1977,5287548
16000,ZMB,1978,5468262
16001,ZMB,1979,5656139
16002,ZMB,1980,5851825
16003,ZMB,1981,6055366
16004,ZMB,1982,6265864
16005,ZMB,1983,6481916
16006,ZMB,1984,6701540
16007,ZMB,1985,6923149
16008,ZMB,1986,7146969
16009,ZMB,1987,7372837
16010,ZMB,1988,7598275
16011,ZMB,1989,7820205
16012,ZMB,1990,8036845
16013,ZMB,1991,8246656
16014,ZMB,1992,8451347
16015,ZMB,1993,8656486
16016,ZMB,1994,8869740
16017,ZMB,1995,9096607
16018,ZMB,1996,9339733
16019,ZMB,1997,9597609
16020,ZMB,1998,9866476
16021,ZMB,1999,10140561
16022,ZMB,2000,10415944
16023,ZMB,2001,10692193
16024,ZMB,2002,10971698
16025,ZMB,2003,11256743
16026,ZMB,2004,11550642
16027,ZMB,2005,11856247
16028,ZMB,2006,12173514
16029,ZMB,2007,12502958
16030,ZMB,2008,12848530
16031,ZMB,2009,13215139
16032,ZMB,2010,13605984
16033,ZMB,2011,14023193
16034,ZMB,2012,14465121
16035,ZMB,2013,14926504
16036,ZMB,2014,15399753
16037,ZMB,2015,15879361
16038,ZMB,2016,16363507
16039,ZMB,2017,16853688
16040,ZMB,2018,17351822
16041,ZMB,2019,17861030
16043,ZWE,1960,3776681
16044,ZWE,1961,3905034
16045,ZWE,1962,4039201
16046,ZWE,1963,4178726
16047,ZWE,1964,4322861
16048,ZWE,1965,4471177
16049,ZWE,1966,4623351
16050,ZWE,1967,4779827
16051,ZWE,1968,4941906
16052,ZWE,1969,5111337
16053,ZWE,1970,5289303
16054,ZWE,1971,5476982
16055,ZWE,1972,5673911
16056,ZWE,1973,5877726
16057,ZWE,1974,6085074
16058,ZWE,1975,6293875
16059,ZWE,1976,6502569
16060,ZWE,1977,6712827
16061,ZWE,1978,6929664
16062,ZWE,1979,7160023
16063,ZWE,1980,7408624
16064,ZWE,1981,7675591
16065,ZWE,1982,7958241
16066,ZWE,1983,8254747
16067,ZWE,1984,8562249
16068,ZWE,1985,8877489
16069,ZWE,1986,9200149
16070,ZWE,1987,9527203
16071,ZWE,1988,9849125
16072,ZWE,1989,10153852
16073,ZWE,1990,10432421
16074,ZWE,1991,10680995
16075,ZWE,1992,10900502
16076,ZWE,1993,11092766
16077,ZWE,1994,11261744
16078,ZWE,1995,11410714
16079,ZWE,1996,11541217
16080,ZWE,1997,11653242
16081,ZWE,1998,11747072
16082,ZWE,1999,11822719
16083,ZWE,2000,11881477
16084,ZWE,2001,11923914
16085,ZWE,2002,11954290
16086,ZWE,2003,11982224
16087,ZWE,2004,12019912
16088,ZWE,2005,12076699
16089,ZWE,2006,12155491
16090,ZWE,2007,12255922
16091,ZWE,2008,12379549
16092,ZWE,2009,12526968
16093,ZWE,2010,12697723
16094,ZWE,2011,12894316
16095,ZWE,2012,13115131
16096,ZWE,2013,13350356
16097,ZWE,2014,13586681
16098,ZWE,2015,13814629
16099,ZWE,2016,14030390
16100,ZWE,2017,14236745
16101,ZWE,2018,14439018
16102,ZWE,2019,14645468
